,,,,,,,,,
City,order id,Date,Store Code,Basket size,Delivery Fee,Cost per order (CPO),Distance in km (pick up to delivery),Courier waiting time (mins),Courier waiting time (mins)
BCN,1,2025-06-28,66944,11.50€,2.10€,3.90€,1.70€,3.8,3.8
BCN,2,2025-06-28,74118,18.80€,3.30€,3.30€,2.70€,1.4,1.4
BCN,3,2025-06-28,65231,18.40€,2.10€,3.40€,1.60€,3.4,3.4
MAD,4,2025-06-28,205036,3.30€,1.20€,1.80€,0.30€,3.2,3.2
MAD,5,2025-06-28,34310,15.70€,1.50€,2.40€,0.60€,2.8,2.8
MAD,6,2025-06-28,46515,17.00€,1.60€,2.70€,0.80€,3.2,3.2
BCN,7,2025-06-28,248266,19.50€,2.00€,3.30€,1.50€,3,3
MAD,8,2025-06-28,74119,9.50€,1.60€,2.40€,1.00€,1.8,1.8
BCN,9,2025-06-28,259875,18.30€,1.80€,3.20€,1.30€,3.3,3.3
MAD,10,2025-06-28,105408,17.50€,2.50€,3.30€,2.20€,3.7,3.7
MAD,11,2025-06-28,61499,10.70€,2.30€,4.10€,2.00€,2.2,2.2
BCN,12,2025-06-28,264652,7.90€,1.60€,5.50€,1.00€,1.7,1.7
BCN,13,2025-06-27,264652,14.00€,2.10€,3.70€,1.50€,2.1,2.1
BCN,14,2025-06-27,65231,19.80€,2.00€,3.60€,1.60€,3.6,3.6
MAD,15,2025-06-27,34310,17.10€,1.30€,2.60€,0.50€,3.6,3.6
MAD,16,2025-06-27,74119,9.30€,1.60€,2.60€,0.90€,3.1,3.1
MAD,17,2025-06-27,46515,18.40€,1.60€,2.80€,0.90€,3.7,3.7
BCN,18,2025-06-27,259875,20.30€,2.00€,3.90€,1.50€,3.3,3.3
MAD,19,2025-06-27,205036,8.80€,1.20€,3.20€,0.40€,3.3,3.3
MAD,20,2025-06-27,105408,22.20€,2.60€,3.90€,2.50€,4.8,4.8
BCN,21,2025-06-27,264651,16.20€,1.40€,3.10€,0.70€,3.3,3.3
BCN,22,2025-06-27,66944,14.30€,2.10€,4.00€,1.70€,3.6,3.6
BCN,23,2025-06-27,74118,11.40€,2.40€,3.60€,2.00€,4.3,4.3
MAD,24,2025-06-27,61499,14.90€,2.40€,3.80€,2.10€,3.7,3.7
BCN,25,2025-06-27,248266,20.00€,1.70€,3.70€,1.20€,4,4
MAD,26,2025-06-26,105408,22.00€,2.60€,4.00€,2.50€,4.4,4.4
BCN,27,2025-06-26,66944,10.40€,2.20€,4.70€,1.90€,2.1,2.1
BCN,28,2025-06-26,264652,14.00€,1.90€,3.70€,1.40€,1.9,1.9
BCN,29,2025-06-26,65231,20.40€,2.20€,3.90€,1.80€,3.8,3.8
BCN,30,2025-06-26,259875,21.00€,2.10€,4.20€,1.70€,4.6,4.6
MAD,31,2025-06-26,205036,20.00€,4.50€,6.30€,4.60€,5.8,5.8
MAD,32,2025-06-26,34310,18.70€,1.30€,2.60€,0.40€,2.7,2.7
BCN,33,2025-06-26,248266,17.50€,2.10€,3.90€,1.50€,3.8,3.8
MAD,34,2025-06-26,46515,19.70€,1.50€,3.10€,0.80€,4.2,4.2
BCN,35,2025-06-26,264651,14.80€,1.10€,2.50€,0.60€,4,4
MAD,36,2025-06-26,74119,11.90€,1.60€,2.70€,0.70€,5.3,5.3
MAD,37,2025-06-26,61499,12.80€,2.20€,3.50€,1.90€,5.4,5.4
MAD,38,2025-06-25,34310,18.60€,1.30€,2.60€,0.50€,4.2,4.2
MAD,39,2025-06-25,46515,19.60€,1.50€,3.00€,0.80€,4,4
BCN,40,2025-06-25,264651,19.60€,1.20€,3.00€,0.60€,1.7,1.7
MAD,41,2025-06-25,105408,20.00€,2.50€,3.60€,2.30€,5.8,5.8
BCN,42,2025-06-25,264652,13.70€,1.50€,3.90€,0.70€,1.9,1.9
MAD,43,2025-06-25,205036,8.00€,1.40€,3.90€,0.50€,2.8,2.8
BCN,44,2025-06-25,65231,19.40€,2.00€,3.70€,1.50€,3.9,3.9
MAD,45,2025-06-25,74119,9.30€,1.80€,3.30€,1.10€,4.9,4.9
BCN,46,2025-06-25,66944,13.90€,2.80€,4.50€,2.50€,4.2,4.2
BCN,47,2025-06-25,248266,17.60€,1.70€,3.60€,1.10€,3.5,3.5
BCN,48,2025-06-25,259875,21.70€,2.00€,3.90€,1.50€,4.2,4.2
BCN,49,2025-06-25,74118,13.80€,1.60€,3.10€,0.70€,3.3,3.3
MAD,50,2025-06-25,61499,14.20€,2.70€,4.10€,2.10€,6.6,6.6
BCN,51,2025-06-24,248266,18.50€,1.90€,3.70€,1.50€,3.7,3.7
MAD,52,2025-06-24,34310,16.20€,1.40€,2.70€,0.60€,4.4,4.4
BCN,53,2025-06-24,264652,6.90€,1.60€,3.50€,1.00€,2.9,2.9
MAD,54,2025-06-24,46515,18.80€,1.60€,3.00€,0.80€,4.5,4.5
MAD,55,2025-06-24,61499,12.70€,1.90€,3.10€,1.40€,3.9,3.9
BCN,56,2025-06-24,259875,21.90€,2.00€,3.70€,1.50€,4.2,4.2
BCN,57,2025-06-24,65231,19.20€,2.00€,3.70€,1.50€,4.1,4.1
BCN,58,2025-06-24,74118,6.50€,1.60€,2.50€,0.70€,4.4,4.4
MAD,59,2025-06-24,105408,18.70€,2.60€,3.60€,2.40€,5.6,5.6
BCN,60,2025-06-24,66944,15.30€,2.70€,3.80€,2.40€,4.9,4.9
MAD,61,2025-06-24,74119,19.00€,2.10€,3.10€,1.80€,3.1,3.1
BCN,62,2025-06-24,264651,22.90€,1.40€,3.50€,0.80€,2.7,2.7
MAD,63,2025-06-24,205036,10.50€,1.80€,3.20€,1.50€,6.8,6.8
BCN,64,2025-06-23,259875,21.60€,2.00€,4.00€,1.50€,4.9,4.9
MAD,65,2025-06-23,74119,7.00€,1.60€,2.60€,0.90€,0.1,0.1
MAD,66,2025-06-23,205036,7.20€,2.90€,3.70€,2.70€,8.4,8.4
MAD,67,2025-06-23,105408,18.20€,2.40€,3.50€,2.10€,5.2,5.2
MAD,68,2025-06-23,46515,18.00€,1.50€,2.80€,0.80€,3.5,3.5
BCN,69,2025-06-23,65231,18.60€,2.10€,3.90€,1.60€,5,5
BCN,70,2025-06-23,74118,8.80€,2.70€,4.20€,2.30€,3.7,3.7
MAD,71,2025-06-23,61499,14.60€,2.20€,3.60€,1.90€,4.6,4.6
BCN,72,2025-06-23,264651,11.00€,0.80€,3.90€,0.30€,2.7,2.7
BCN,73,2025-06-23,66944,11.40€,2.60€,5.20€,2.30€,4.8,4.8
BCN,74,2025-06-23,248266,19.70€,1.90€,3.70€,1.40€,4.5,4.5
MAD,75,2025-06-23,34310,15.40€,1.30€,2.70€,0.50€,3.7,3.7
BCN,76,2025-06-23,264652,20.80€,1.30€,3.20€,0.70€,2.8,2.8
BCN,77,2025-06-22,264652,23.70€,0.80€,2.70€,0.20€,3,3
MAD,78,2025-06-22,105408,17.60€,2.40€,4.40€,2.20€,6.2,6.2
BCN,79,2025-06-22,264651,16.30€,1.20€,2.60€,0.40€,2.9,2.9
BCN,80,2025-06-22,74118,18.60€,3.50€,4.30€,3.30€,2.5,2.5
BCN,81,2025-06-22,259875,18.10€,1.90€,3.60€,1.40€,4.8,4.8
MAD,82,2025-06-22,34310,15.80€,1.50€,3.20€,0.60€,4.6,4.6
BCN,83,2025-06-22,66944,14.10€,2.30€,3.90€,1.80€,4.1,4.1
BCN,84,2025-06-22,65231,17.30€,2.10€,3.60€,1.70€,4.6,4.6
MAD,85,2025-06-22,46515,19.40€,1.50€,3.40€,0.70€,3.9,3.9
BCN,86,2025-06-22,248266,17.90€,1.90€,3.30€,1.30€,4.7,4.7
MAD,87,2025-06-22,61499,12.80€,2.70€,4.10€,2.50€,6.9,6.9
MAD,88,2025-06-22,74119,7.70€,1.50€,3.00€,0.90€,3.9,3.9
BCN,89,2025-06-21,248266,17.90€,2.10€,3.50€,1.50€,4.1,4.1
BCN,90,2025-06-21,259875,19.70€,2.00€,3.40€,1.40€,4.3,4.3
MAD,91,2025-06-21,105408,17.00€,2.30€,3.40€,2.00€,5.2,5.2
BCN,92,2025-06-21,66944,12.60€,2.40€,4.30€,2.00€,4.3,4.3
BCN,93,2025-06-21,65231,18.50€,2.10€,3.50€,1.60€,5.1,5.1
MAD,94,2025-06-21,34310,19.80€,1.40€,2.60€,0.60€,3.4,3.4
BCN,95,2025-06-21,264652,33.60€,0.80€,3.40€,0.30€,6.3,6.3
MAD,96,2025-06-21,61499,14.00€,2.60€,6.00€,1.90€,6.8,6.8
MAD,97,2025-06-21,46515,19.00€,1.50€,2.80€,0.80€,4.1,4.1
BCN,98,2025-06-21,74118,7.30€,1.60€,3.20€,0.90€,4.7,4.7
BCN,99,2025-06-21,264651,13.60€,0.80€,2.80€,0.20€,1.6,1.6
BCN,100,2025-06-20,248266,20.70€,2.10€,3.70€,1.60€,4.8,4.8
BCN,101,2025-06-20,259875,21.20€,2.00€,4.20€,1.60€,4.1,4.1
MAD,102,2025-06-20,61499,13.20€,1.90€,4.10€,1.30€,4.1,4.1
BCN,103,2025-06-20,264651,16.30€,1.50€,3.10€,0.90€,1.4,1.4
MAD,104,2025-06-20,46515,19.70€,1.50€,3.10€,0.80€,3.5,3.5
BCN,105,2025-06-20,74118,12.50€,2.50€,3.80€,2.10€,8.5,8.5
MAD,106,2025-06-20,34310,20.10€,1.30€,2.60€,0.50€,3.6,3.6
MAD,107,2025-06-20,105408,21.90€,2.30€,4.20€,2.10€,5.2,5.2
BCN,108,2025-06-20,65231,19.30€,2.00€,3.50€,1.50€,4.1,4.1
MAD,109,2025-06-20,205036,8.90€,2.10€,3.40€,1.80€,4.4,4.4
BCN,110,2025-06-20,264652,11.00€,1.70€,3.20€,1.00€,2.5,2.5
BCN,111,2025-06-20,66944,13.20€,2.60€,4.00€,2.10€,1.5,1.5
MAD,112,2025-06-20,74119,12.00€,2.50€,3.40€,2.40€,4.8,4.8
MAD,113,2025-06-19,46515,20.10€,1.50€,3.20€,0.80€,3.4,3.4
BCN,114,2025-06-19,259875,20.60€,2.00€,3.90€,1.50€,4.7,4.7
MAD,115,2025-06-19,105408,21.30€,2.60€,3.90€,2.50€,5.2,5.2
BCN,116,2025-06-19,65231,18.70€,2.30€,3.80€,1.80€,4.3,4.3
BCN,117,2025-06-19,74118,11.30€,3.20€,4.90€,3.00€,2.7,2.7
BCN,118,2025-06-19,248266,21.00€,2.20€,4.10€,1.70€,4.7,4.7
MAD,119,2025-06-19,74119,13.50€,1.60€,2.50€,0.80€,2.8,2.8
BCN,120,2025-06-19,66944,18.30€,2.90€,4.40€,2.60€,5.2,5.2
MAD,121,2025-06-19,34310,20.10€,1.50€,2.90€,0.60€,3.8,3.8
BCN,122,2025-06-19,264652,15.70€,1.30€,3.40€,0.80€,2.4,2.4
MAD,123,2025-06-19,61499,17.10€,2.60€,4.20€,2.50€,1.6,1.6
MAD,124,2025-06-18,205036,10.80€,1.60€,3.40€,1.20€,3.7,3.7
MAD,125,2025-06-18,46515,17.90€,1.60€,3.10€,0.90€,3.8,3.8
BCN,126,2025-06-18,66944,13.50€,2.90€,4.20€,2.50€,4.2,4.2
BCN,127,2025-06-18,264652,8.00€,1.20€,4.00€,0.60€,2.7,2.7
BCN,128,2025-06-18,65231,19.20€,2.20€,3.70€,1.70€,4.1,4.1
MAD,129,2025-06-18,34310,17.70€,1.40€,2.50€,0.60€,4.5,4.5
BCN,130,2025-06-18,264651,10.70€,1.20€,3.40€,0.30€,2.4,2.4
MAD,131,2025-06-18,105408,18.90€,2.50€,3.70€,2.30€,5.5,5.5
BCN,132,2025-06-18,259875,19.90€,1.90€,3.80€,1.40€,4.1,4.1
BCN,133,2025-06-18,248266,19.60€,2.20€,3.80€,1.70€,4.2,4.2
MAD,134,2025-06-18,61499,9.20€,2.60€,4.40€,2.00€,6.5,6.5
BCN,135,2025-06-18,74118,9.40€,2.90€,5.80€,2.70€,5.9,5.9
MAD,136,2025-06-17,34310,17.50€,1.40€,3.30€,0.60€,4.4,4.4
BCN,137,2025-06-17,264652,10.40€,1.20€,3.80€,0.40€,2,2
BCN,138,2025-06-17,65231,19.90€,1.90€,3.50€,1.40€,4.2,4.2
MAD,139,2025-06-17,205036,8.30€,1.20€,2.40€,0.70€,3,3
BCN,140,2025-06-17,264651,17.30€,0.80€,2.40€,0.10€,1.9,1.9
MAD,141,2025-06-17,61499,10.70€,1.90€,4.10€,1.20€,4.5,4.5
MAD,142,2025-06-17,105408,18.50€,2.10€,4.20€,1.60€,5.2,5.2
BCN,143,2025-06-17,248266,22.30€,2.10€,3.50€,1.70€,4.8,4.8
BCN,144,2025-06-17,259875,18.30€,2.10€,3.50€,1.60€,5.2,5.2
BCN,145,2025-06-17,74118,10.50€,1.20€,2.80€,0.30€,3.1,3.1
MAD,146,2025-06-17,74119,9.50€,2.20€,4.10€,2.00€,9.7,9.7
BCN,147,2025-06-17,66944,14.40€,2.80€,4.20€,2.40€,4.7,4.7
MAD,148,2025-06-17,46515,16.90€,1.40€,3.40€,0.70€,4.2,4.2
MAD,149,2025-06-16,205036,8.50€,1.90€,3.00€,1.70€,6.9,6.9
MAD,150,2025-06-16,105408,18.20€,2.60€,3.90€,2.50€,5.7,5.7
MAD,151,2025-06-16,46515,17.20€,1.60€,3.10€,0.80€,4.7,4.7
MAD,152,2025-06-16,34310,19.30€,1.50€,2.70€,0.60€,4.4,4.4
MAD,153,2025-06-16,74119,6.80€,1.80€,3.10€,1.30€,3.4,3.4
BCN,154,2025-06-16,264651,8.40€,0.80€,3.00€,0.30€,2.7,2.7
BCN,155,2025-06-16,66944,14.10€,2.60€,3.90€,2.20€,4.5,4.5
BCN,156,2025-06-16,264652,13.10€,1.20€,3.00€,0.70€,2.9,2.9
BCN,157,2025-06-16,248266,19.80€,2.10€,3.50€,1.60€,4,4
BCN,158,2025-06-16,259875,18.70€,2.00€,3.80€,1.50€,4.2,4.2
BCN,159,2025-06-16,74118,,,,,,
BCN,160,2025-06-16,65231,18.3,1.9,3.4,1.4,4.4,4.4
MAD,161,2025-06-16,61499,23.5,3.7,6.8,3.9,0.3,0.3
MAD,162,2025-06-15,46515,17.4,1.6,2.8,0.8,4.5,4.5
MAD,163,2025-06-15,205036,9.1,3.7,7.4,4.5,2.6,2.6
BCN,164,2025-06-15,65231,16.8,2.1,3.4,1.6,4.7,4.7
BCN,165,2025-06-15,74118,9.4,2.9,4.6,2.7,4.3,4.3
MAD,166,2025-06-15,61499,13.2,2.2,4,1.7,4.8,4.8
MAD,167,2025-06-15,105408,19.4,2.3,3.4,2,5.4,5.4
MAD,168,2025-06-15,74119,12.5,2.5,3.1,2,1.8,1.8
MAD,169,2025-06-15,34310,17.1,1.5,2.5,0.7,4.4,4.4
BCN,170,2025-06-15,248266,17.6,1.8,3.5,1.3,4.6,4.6
BCN,171,2025-06-15,264652,9.8,1.3,3.5,0.8,3.3,3.3
BCN,172,2025-06-15,264651,14.8,1,3.3,0.3,2.4,2.4
BCN,173,2025-06-15,259875,18.9,1.9,3.4,1.3,4.3,4.3
BCN,174,2025-06-15,66944,13.9,2.8,4.6,2.5,5.4,5.4
MAD,175,2025-06-14,74119,10.8,2.1,3.1,1.6,3.5,3.5
BCN,176,2025-06-14,66944,15.4,2.8,4,2.5,4.7,4.7
BCN,177,2025-06-14,259875,20.1,1.8,3.5,1.3,4.8,4.8
BCN,178,2025-06-14,264652,16.5,1.6,3.4,0.9,3.1,3.1
MAD,179,2025-06-14,205036,6.3,3.3,4.4,3.1,4.2,4.2
BCN,180,2025-06-14,65231,17.3,2,3.3,1.4,4.3,4.3
MAD,181,2025-06-14,61499,14.3,2,3.2,1.1,3.9,3.9
MAD,182,2025-06-14,105408,18.8,2.4,3.5,2.2,5.6,5.6
BCN,183,2025-06-14,248266,18.5,2,3.6,1.6,4.4,4.4
BCN,184,2025-06-14,74118,10.1,2.6,3.8,2.2,5.4,5.4
MAD,185,2025-06-14,46515,17.5,1.6,2.7,0.9,4.5,4.5
MAD,186,2025-06-14,34310,16.4,1.4,2.6,0.6,3.9,3.9
BCN,187,2025-06-13,65231,19.3,2.1,3.6,1.6,4.6,4.6
BCN,188,2025-06-13,66944,15.8,3.7,5.3,4,5.2,5.2
MAD,189,2025-06-13,105408,21.5,2.5,4.1,2.3,4.8,4.8
BCN,190,2025-06-13,74118,9.3,2.4,3.8,1.8,4.4,4.4
MAD,191,2025-06-13,205036,15,2.1,3.7,1.5,5.2,5.2
BCN,192,2025-06-13,259875,19.3,2.2,4.2,1.7,4.1,4.1
MAD,193,2025-06-13,61499,15.6,2.2,3.6,1.8,3.8,3.8
MAD,194,2025-06-13,34310,20.9,1.4,2.8,0.6,3.4,3.4
MAD,195,2025-06-13,74119,6.3,2.1,3.5,1.6,4.3,4.3
BCN,196,2025-06-13,248266,19.9,2,3.7,1.5,4.6,4.6
BCN,197,2025-06-13,264652,12.7,2.1,3.4,1.6,4.5,4.5
MAD,198,2025-06-13,46515,19.6,1.5,3.8,0.8,4.4,4.4
BCN,199,2025-06-12,66944,12.7,2.7,4.2,2.5,5.4,5.4
BCN,200,2025-06-12,259875,20.1,2.2,4.2,1.7,3.8,3.8
BCN,201,2025-06-12,65231,18.5,1.8,3.5,1.3,3.7,3.7
MAD,202,2025-06-12,46515,19.1,1.6,3.3,0.9,3.9,3.9
BCN,203,2025-06-12,248266,19.9,2,3.5,1.5,4.5,4.5
BCN,204,2025-06-12,264652,14.9,1.9,3.4,1.3,1.9,1.9
MAD,205,2025-06-12,34310,19.2,1.4,2.8,0.5,3.9,3.9
MAD,206,2025-06-12,105408,24,2.8,4.6,2.7,5.2,5.2
MAD,207,2025-06-12,74119,10.1,2.1,3,1.5,2.9,2.9
BCN,208,2025-06-12,264651,27.7,2.1,5.2,1.4,3.7,3.7
MAD,209,2025-06-12,61499,16.5,2.3,3.9,1.8,3.7,3.7
MAD,210,2025-06-11,74119,6.3,1.5,2.6,0.8,3.5,3.5
BCN,211,2025-06-11,259875,19.7,2,3.9,1.5,4.8,4.8
BCN,212,2025-06-11,264652,13.5,2,3.4,1.3,4.1,4.1
BCN,213,2025-06-11,74118,24,4.1,6,4,10.8,10.8
BCN,214,2025-06-11,264651,18.5,1,2.7,0.5,3.4,3.4
MAD,215,2025-06-11,205036,9.4,2.1,4.2,1.8,3.7,3.7
BCN,216,2025-06-11,248266,19.6,2.1,3.9,1.6,4.9,4.9
BCN,217,2025-06-11,66944,12.8,2.2,4,1.8,4.7,4.7
MAD,218,2025-06-11,61499,13.8,2.3,4.4,1.9,6.2,6.2
BCN,219,2025-06-11,65231,17.5,2,3.5,1.5,4.2,4.2
MAD,220,2025-06-11,46515,18.8,1.6,3.2,0.8,3.8,3.8
MAD,221,2025-06-11,105408,20.1,2.7,4,2.6,6.9,6.9
MAD,222,2025-06-11,34310,16.7,1.4,2.5,0.5,3.7,3.7
BCN,223,2025-06-10,264651,12.1,1.7,3.4,1.1,2.9,2.9
MAD,224,2025-06-10,74119,18,1.9,2.6,1.2,3.4,3.4
BCN,225,2025-06-10,259875,19.2,2.1,4,1.6,4.2,4.2
BCN,226,2025-06-10,65231,17.4,2.1,3.6,1.6,4.1,4.1
MAD,227,2025-06-10,105408,20,2.5,3.9,2.3,6.1,6.1
MAD,228,2025-06-10,61499,13.6,2.7,5.2,2.5,6.8,6.8
MAD,229,2025-06-10,46515,17,1.5,3,0.8,3.6,3.6
BCN,230,2025-06-10,264652,17,1.7,3.2,1,3.9,3.9
BCN,231,2025-06-10,74118,16.4,4.5,6.9,4.7,5.4,5.4
BCN,232,2025-06-10,248266,19.1,2.1,3.9,1.6,4.6,4.6
MAD,233,2025-06-10,34310,16.6,1.5,2.6,0.6,4.6,4.6
BCN,234,2025-06-10,66944,11.8,1.9,3.6,1.5,3.8,3.8
MAD,235,2025-06-10,205036,3.3,1.9,3.2,1.5,4.6,4.6
MAD,236,2025-06-09,205036,8.5,3.6,6.2,4.2,6,6
BCN,237,2025-06-09,65231,17.5,2,3.7,1.5,4,4
MAD,238,2025-06-09,74119,8.5,2.6,3.6,2.3,2.9,2.9
BCN,239,2025-06-09,66944,15.7,2.6,4,2.1,4.3,4.3
BCN,240,2025-06-09,264652,7.1,2.1,3.9,1.5,3.6,3.6
BCN,241,2025-06-09,259875,19.7,1.9,3.6,1.3,3.8,3.8
BCN,242,2025-06-09,74118,8,3.7,4.7,3.3,1.3,1.3
MAD,243,2025-06-09,61499,11.1,2.5,4.5,2.3,3.4,3.4
MAD,244,2025-06-09,46515,17.5,1.5,2.8,0.7,3.5,3.5
MAD,245,2025-06-09,105408,17.2,2.4,3.3,2,5.2,5.2
BCN,246,2025-06-09,248266,17.8,2.1,3.9,1.6,3.8,3.8
MAD,247,2025-06-09,34310,15.4,1.4,2.3,0.5,3.2,3.2
BCN,248,2025-06-09,264651,13.9,1.1,2.6,0.2,2.5,2.5
BCN,249,2025-06-08,74118,10.9,2.1,4.4,1.2,6.4,6.4
MAD,250,2025-06-08,205036,10.5,2.3,4.2,2.2,5.7,5.7
BCN,251,2025-06-08,264651,10.6,1.2,4.1,0.3,2.2,2.2
MAD,252,2025-06-08,34310,17.2,1.4,2.3,0.6,5,5
MAD,253,2025-06-08,105408,18.8,2.6,3.6,2.4,6.2,6.2
BCN,254,2025-06-08,65231,17.1,2,3.4,1.5,4.6,4.6
MAD,255,2025-06-08,46515,16.8,1.5,2.7,0.8,4.1,4.1
MAD,256,2025-06-08,61499,13.6,2.5,4.2,2.3,4.6,4.6
BCN,257,2025-06-08,259875,17.4,1.9,3.7,1.4,4.2,4.2
BCN,258,2025-06-08,264652,9.9,1.9,3.7,1.3,3.2,3.2
MAD,259,2025-06-08,74119,6.8,2.1,3.3,1.6,4,4
BCN,260,2025-06-08,248266,17.3,2,3.8,1.5,4.5,4.5
BCN,261,2025-06-08,66944,17.4,2.3,4.2,1.9,4.2,4.2
MAD,262,2025-06-07,61499,11.4,2.9,6.3,2.7,5.2,5.2
MAD,263,2025-06-07,105408,16.8,2.5,3.4,2.2,5.6,5.6
BCN,264,2025-06-07,264652,11.6,1.8,3.8,1.6,1.8,1.8
BCN,265,2025-06-07,264651,10.4,1.2,3.5,0.7,2.5,2.5
BCN,266,2025-06-07,66944,10.9,2.8,4.3,2.7,5.1,5.1
MAD,267,2025-06-07,74119,10.1,1.9,3,1.1,4,4
BCN,268,2025-06-07,248266,19.3,2,3.7,1.4,4.1,4.1
BCN,269,2025-06-07,259875,18.4,2,3.7,1.5,4.3,4.3
BCN,270,2025-06-07,65231,17.7,1.9,3.5,1.4,4.5,4.5
MAD,271,2025-06-07,46515,17.2,1.5,2.7,0.8,4,4
MAD,272,2025-06-07,205036,6,2.5,3.7,1.8,2.9,2.9
MAD,273,2025-06-07,34310,19.7,1.4,2.3,0.7,4.1,4.1
MAD,274,2025-06-06,74119,9.4,2,3.3,1.5,5.6,5.6
BCN,275,2025-06-06,264652,12.6,1.3,3,0.8,2.4,2.4
MAD,276,2025-06-06,46515,20.8,1.4,2.9,0.7,4,4
MAD,277,2025-06-06,61499,15.4,2.2,4.1,1.8,4,4
BCN,278,2025-06-06,259875,19.9,2,4,1.5,4,4
MAD,279,2025-06-06,34310,19.9,1.3,2.9,0.6,2.9,2.9
BCN,280,2025-06-06,66944,17,1.9,3.7,1.4,3.8,3.8
BCN,281,2025-06-06,248266,22.1,1.9,3.9,1.4,4.1,4.1
BCN,282,2025-06-06,65231,19.9,1.8,3.5,1.2,3.6,3.6
MAD,283,2025-06-06,105408,21.9,2.8,4.4,2.8,5.2,5.2
BCN,284,2025-06-06,264651,10.6,1.6,3.4,1.1,3,3
MAD,285,2025-06-06,205036,4,1.6,3.3,0.8,6.8,6.8
MAD,286,2025-06-05,34310,19.6,1.2,3.2,0.5,4.3,4.3
BCN,287,2025-06-05,248266,19.5,1.9,3.9,1.3,4.4,4.4
MAD,288,2025-06-05,205036,8.8,3.1,7.8,2.8,6.7,6.7
BCN,289,2025-06-05,264651,17.7,0.8,2.5,0.3,2.3,2.3
BCN,290,2025-06-05,264652,13.7,1.9,3.1,1.3,2.1,2.1
BCN,291,2025-06-05,66944,12.9,2.1,4,1.8,4.4,4.4
BCN,292,2025-06-05,259875,22.7,1.8,4.1,1.4,3.7,3.7
BCN,293,2025-06-05,65231,18.6,1.9,3.6,1.4,3.7,3.7
MAD,294,2025-06-05,74119,6,1.8,3.4,1.3,5.4,5.4
BCN,295,2025-06-05,74118,13.8,1.9,3.6,1.3,5,5
MAD,296,2025-06-05,61499,14.2,2.6,4.3,2.2,5.9,5.9
MAD,297,2025-06-05,105408,22.4,2.6,4.3,2.5,6.8,6.8
MAD,298,2025-06-05,46515,21.8,1.6,3,0.9,4.2,4.2
BCN,299,2025-06-04,248266,19.3,1.9,3.4,1.3,4.2,4.2
MAD,300,2025-06-04,105408,19.6,2.6,3.4,2.4,5.9,5.9
BCN,301,2025-06-04,65231,19.3,1.8,3.3,1.3,4.1,4.1
MAD,302,2025-06-04,74119,7.5,1.6,3,1.2,4.4,4.4
MAD,303,2025-06-04,34310,19.3,1.3,2.5,0.6,7.4,7.4
BCN,304,2025-06-04,264652,9.9,1.9,3.2,1.2,3,3
MAD,305,2025-06-04,205036,4,2.9,3.4,2.5,7.9,7.9
BCN,306,2025-06-04,259875,19.1,2,3.7,1.5,4.3,4.3
BCN,307,2025-06-04,66944,12,2.8,3.9,2.4,2.9,2.9
MAD,308,2025-06-04,61499,8.3,2.8,3.6,2.2,1.7,1.7
BCN,309,2025-06-04,264651,17,1.1,2.9,0.6,2.4,2.4
MAD,310,2025-06-04,46515,19.4,1.6,2.9,0.9,4.2,4.2
MAD,311,2025-06-03,46515,16.7,1.6,2.7,0.8,4,4
BCN,312,2025-06-03,74118,4.5,2.5,8,1.7,5.1,5.1
MAD,313,2025-06-03,74119,11.8,1.6,3.7,1,3.2,3.2
BCN,314,2025-06-03,264651,14.5,1.6,3.6,1.1,2.8,2.8
BCN,315,2025-06-03,259875,18.1,1.9,3.4,1.3,4.7,4.7
BCN,316,2025-06-03,248266,18.4,2.1,3.7,1.6,4.1,4.1
MAD,317,2025-06-03,105408,17.8,2.6,3.5,2.4,5.9,5.9
MAD,318,2025-06-03,61499,8.7,2.2,4.1,1.7,5.2,5.2
MAD,319,2025-06-03,34310,15.6,1.3,2.4,0.6,3.5,3.5
BCN,320,2025-06-03,264652,11.7,1.1,3,0.5,4.2,4.2
MAD,321,2025-06-03,205036,8,2.9,3.9,2.5,15.9,15.9
BCN,322,2025-06-03,65231,18.4,2,3.8,1.4,4.5,4.5
BCN,323,2025-06-03,66944,13.6,2.2,3.9,1.6,4.4,4.4
MAD,324,2025-06-02,46515,17.7,1.5,2.6,0.8,3.7,3.7
MAD,325,2025-06-02,34310,16.8,1.3,2.3,0.6,4.2,4.2
MAD,326,2025-06-02,105408,18,2.7,3.4,2.5,5.5,5.5
MAD,327,2025-06-02,205036,8.5,2.5,3.3,2.2,8.5,8.5
MAD,328,2025-06-02,74119,8.8,1.6,2.9,1.1,6.5,6.5
BCN,329,2025-06-02,66944,12.1,2.7,4.2,2.5,6.6,6.6
MAD,330,2025-06-02,61499,10.4,2.9,3.9,2.7,5.2,5.2
BCN,331,2025-06-02,259875,20.3,1.7,4.1,1.2,4.4,4.4
BCN,332,2025-06-02,264651,14.3,1.1,2.9,0.6,2.5,2.5
BCN,333,2025-06-02,248266,19.1,2,3.6,1.4,4.5,4.5
BCN,334,2025-06-02,65231,18.7,2.2,4,1.6,4.8,4.8
BCN,335,2025-06-02,264652,10.8,2.2,3.9,1.7,2.3,2.3
BCN,336,2025-06-01,259875,19.6,1.8,3.6,1.2,4.5,4.5
MAD,337,2025-06-01,46515,17.5,1.5,2.6,0.8,3.8,3.8
MAD,338,2025-06-01,61499,9.1,2.3,4.3,1.9,4.3,4.3
BCN,339,2025-06-01,264651,12.7,1.4,3.8,0.8,2.9,2.9
BCN,340,2025-06-01,248266,19,1.8,3.5,1.2,4.1,4.1
MAD,341,2025-06-01,205036,6.6,2.5,1.1,2,1,1
BCN,342,2025-06-01,65231,19.4,2.2,3.9,1.6,4.3,4.3
MAD,343,2025-06-01,105408,18,2.7,3.6,2.5,5.5,5.5
BCN,344,2025-06-01,66944,9.2,1.4,3.4,0.8,3.4,3.4
MAD,345,2025-06-01,74119,9.1,1.5,2.5,0.9,4.9,4.9
MAD,346,2025-06-01,34310,17.1,1.3,2.4,0.6,3.7,3.7
BCN,347,2025-06-01,264652,14.8,1.6,3.5,1.1,4.1,4.1
BCN,348,2025-05-31,66944,12,1.8,3.3,1.3,2.9,2.9
MAD,349,2025-05-31,46515,17,1.4,2.7,0.8,3.5,3.5
MAD,350,2025-05-31,74119,10.8,1.9,3,1.4,5.7,5.7
BCN,351,2025-05-31,248266,18.5,2,3.7,1.4,4.1,4.1
MAD,352,2025-05-31,205036,10.4,1.6,2.8,1.2,3.3,3.3
BCN,353,2025-05-31,264652,13.3,1.7,2.9,1,3.7,3.7
MAD,354,2025-05-31,61499,12.4,2.6,3.9,2.2,4.7,4.7
BCN,355,2025-05-31,74118,8,2.7,6.1,1.7,4.6,4.6
BCN,356,2025-05-31,264651,13.2,2.5,4.2,1.9,2.9,2.9
MAD,357,2025-05-31,34310,16,1.3,2.3,0.6,3.3,3.3
BCN,358,2025-05-31,259875,18.6,1.8,3.6,1.2,3.7,3.7
MAD,359,2025-05-31,105408,17.5,2.5,3.2,2.2,5.6,5.6
BCN,360,2025-05-31,65231,18.6,1.9,3.7,1.4,4.1,4.1
BCN,361,2025-05-30,74118,11.3,3,4.1,2.3,5.5,5.5
MAD,362,2025-05-30,46515,19.2,1.5,2.9,0.9,3.5,3.5
MAD,363,2025-05-30,34310,19.6,1.3,2.7,0.5,3.1,3.1
BCN,364,2025-05-30,66944,12.8,2,3.4,1.4,4.4,4.4
BCN,365,2025-05-30,264651,13.8,1,2.8,0.5,2.3,2.3
BCN,366,2025-05-30,259875,20.8,1.9,3.8,1.4,3.9,3.9
MAD,367,2025-05-30,105408,22.7,2.5,3.8,2.3,4.7,4.7
BCN,368,2025-05-30,264652,13.4,1.9,3.4,1.4,3.6,3.6
MAD,369,2025-05-30,205036,7.8,2.6,5.5,2.5,5.5,5.5
BCN,370,2025-05-30,248266,18.9,1.5,3.3,1,3.4,3.4
BCN,371,2025-05-30,65231,19,2.1,3.7,1.5,4.2,4.2
MAD,372,2025-05-30,74119,6.2,1.2,2.9,0.7,3,3
MAD,373,2025-05-30,61499,16.5,2.1,3.4,1.6,5.1,5.1
MAD,374,2025-05-29,61499,9,2.3,3.5,2.2,7,7
BCN,375,2025-05-29,264652,16.9,1.6,2.9,1,2.4,2.4
MAD,376,2025-05-29,205036,13.5,4.5,5.4,5.1,7.7,7.7
BCN,377,2025-05-29,65231,21.6,2,3.6,1.5,3.7,3.7
MAD,378,2025-05-29,34310,26,1.3,2.7,0.6,4.2,4.2
MAD,379,2025-05-29,105408,23.8,2.8,4.1,2.7,5,5
MAD,380,2025-05-29,46515,19.9,1.5,3,0.8,4,4
BCN,381,2025-05-29,259875,17.9,1.9,4,1.4,3.6,3.6
BCN,382,2025-05-29,74118,7.5,2.1,3.6,1.4,6.6,6.6
MAD,383,2025-05-29,74119,8.5,1.6,2.4,0.9,7.1,7.1
BCN,384,2025-05-29,66944,13.6,2.5,4,2,5.6,5.6
BCN,385,2025-05-29,248266,22.9,1.7,3.5,1.2,3.6,3.6
BCN,386,2025-05-29,264651,12.2,1.5,3.5,1,3.3,3.3
BCN,387,2025-05-28,259875,18.8,1.7,3.7,1.2,3.7,3.7
MAD,388,2025-05-28,61499,13.7,1.8,3.7,1.3,2.9,2.9
BCN,389,2025-05-28,66944,11.8,1.8,3.5,1.3,3.3,3.3
BCN,390,2025-05-28,264652,15.8,2.9,3.6,2.1,1.4,1.4
MAD,391,2025-05-28,46515,19.4,1.5,2.8,0.8,3.9,3.9
MAD,392,2025-05-28,205036,10.5,4.5,5.7,4.9,11.8,11.8
BCN,393,2025-05-28,74118,12.3,2.1,3.6,1.5,4.3,4.3
MAD,394,2025-05-28,74119,7.3,2,2.8,1.4,5.1,5.1
BCN,395,2025-05-28,65231,19,1.9,3.5,1.4,3.7,3.7
BCN,396,2025-05-28,248266,21,2,3.4,1.4,4.1,4.1
MAD,397,2025-05-28,105408,22.2,2.6,3.6,2.4,6.1,6.1
MAD,398,2025-05-28,34310,18.1,1.3,2.5,0.5,4.9,4.9
BCN,399,2025-05-27,66944,14.3,1.9,4.2,2.1,5.4,5.4
MAD,400,2025-05-27,74119,12.5,1.5,2.6,0.9,3.8,3.8
MAD,401,2025-05-27,205036,16.1,3.7,5.9,4,5.8,5.8
BCN,402,2025-05-27,65231,17,2,3.7,1.4,3.9,3.9
BCN,403,2025-05-27,259875,17.2,1.8,3.9,1.2,4.3,4.3
MAD,404,2025-05-27,61499,11.8,2.6,4,2.2,3.9,3.9
MAD,405,2025-05-27,46515,18.6,1.5,2.7,0.8,4.2,4.2
BCN,406,2025-05-27,248266,17.4,1.8,3.7,1.2,3.5,3.5
MAD,407,2025-05-27,34310,19.1,1.3,2.5,0.6,3.7,3.7
MAD,408,2025-05-27,105408,19.4,2.5,3.5,2.4,6.2,6.2
BCN,409,2025-05-27,264652,13.1,1.7,3.4,1.2,4.8,4.8
BCN,410,2025-05-27,264651,9.4,2.1,5.1,1.4,5,5
MAD,411,2025-05-26,61499,10.3,2.5,4.2,2.4,6.8,6.8
MAD,412,2025-05-26,46515,17.7,1.5,2.7,0.8,3.6,3.6
BCN,413,2025-05-26,66944,12.8,2.1,3.4,1.5,3,3
BCN,414,2025-05-26,248266,19.1,1.8,3.4,1.3,3.7,3.7
BCN,415,2025-05-26,259875,18.3,1.8,3.3,1.3,4.1,4.1
MAD,416,2025-05-26,105408,17.6,2.5,3.5,2.4,5.5,5.5
MAD,417,2025-05-26,34310,17.4,1.4,2.4,0.6,4.4,4.4
MAD,418,2025-05-26,205036,9.4,0.8,3.6,0.1,2.2,2.2
BCN,419,2025-05-26,264651,14.3,1.6,3.6,0.7,4.2,4.2
BCN,420,2025-05-26,74118,10.8,3.7,4.6,3.2,2.2,2.2
BCN,421,2025-05-26,65231,18.7,2,3.5,1.5,4.2,4.2
MAD,422,2025-05-26,74119,9.6,1.8,3.4,1.4,5.4,5.4
BCN,423,2025-05-25,66944,14.7,1.9,3.3,1.3,5.4,5.4
BCN,424,2025-05-25,248266,19.1,2.1,3.7,1.5,3.9,3.9
BCN,425,2025-05-25,65231,18.8,2.2,4,1.6,3.9,3.9
BCN,426,2025-05-25,264651,11.8,2.9,4,2.3,4,4
MAD,427,2025-05-25,74119,5,1.6,2.5,0.8,1.8,1.8
MAD,428,2025-05-25,61499,13,2.8,4.8,2.8,2.5,2.5
BCN,429,2025-05-25,74118,,,,,,
MAD,430,2025-05-25,46515,16.7,1.4,2.7,0.7,3.7,3.7
BCN,431,2025-05-25,259875,18.1,1.8,3.2,1.2,4.2,4.2
MAD,432,2025-05-25,34310,18,1.3,2.4,0.6,4,4
MAD,433,2025-05-25,105408,19.1,2.4,3.3,2.1,4.7,4.7
BCN,434,2025-05-25,264652,13.1,1.6,3.2,1.1,4,4
MAD,435,2025-05-24,205036,12,4.5,7.5,5.5,2.2,2.2
BCN,436,2025-05-24,65231,21,2.1,3.7,1.6,3.8,3.8
BCN,437,2025-05-24,248266,21.3,1.7,3.7,1.1,3.9,3.9
BCN,438,2025-05-24,264651,11.9,1.8,4.3,1.2,2.9,2.9
BCN,439,2025-05-24,74118,8,3.1,4.8,2.4,1.3,1.3
MAD,440,2025-05-24,74119,9.9,2.2,2.9,1.8,2.5,2.5
BCN,441,2025-05-24,66944,15,2,3.7,1.6,3.2,3.2
MAD,442,2025-05-24,61499,13.2,2.9,4.8,2.8,4.9,4.9
MAD,443,2025-05-24,34310,19.3,1.3,2.4,0.6,4,4
MAD,444,2025-05-24,105408,17.6,2.5,3.3,2.2,6.4,6.4
MAD,445,2025-05-24,46515,18.3,1.5,2.7,0.8,3.7,3.7
BCN,446,2025-05-24,259875,20.3,1.9,3.6,1.3,3.5,3.5
BCN,447,2025-05-24,264652,15,1.4,3.7,1,2.9,2.9
BCN,448,2025-05-23,264652,15.2,1.6,3.2,1.1,3.6,3.6
MAD,449,2025-05-23,34310,21.9,1.3,2.7,0.5,3.7,3.7
MAD,450,2025-05-23,105408,22.9,2.4,3.4,2.1,4.8,4.8
BCN,451,2025-05-23,264651,25.3,0.8,2.6,0.3,3.4,3.4
BCN,452,2025-05-23,65231,20.2,2,3.7,1.4,3.9,3.9
BCN,453,2025-05-23,66944,9.3,1.6,3.4,1,3.9,3.9
MAD,454,2025-05-23,46515,17.7,1.4,2.9,0.7,4.6,4.6
BCN,455,2025-05-23,259875,19.5,1.7,3.5,1.2,3.4,3.4
BCN,456,2025-05-23,248266,20.2,1.7,3.4,1.1,4,4
MAD,457,2025-05-23,74119,16.6,1.5,2.7,0.9,3.9,3.9
MAD,458,2025-05-23,205036,11.2,1.6,3.2,0.9,4,4
MAD,459,2025-05-23,61499,18.9,2.4,4.1,2,4.5,4.5
BCN,460,2025-05-23,74118,14,1.2,3.8,0.3,3.8,3.8
MAD,461,2025-05-22,34310,18.7,1.3,2.5,0.6,4.3,4.3
BCN,462,2025-05-22,65231,19.3,2,4,1.5,3.6,3.6
BCN,463,2025-05-22,264651,21,1.3,2.9,0.9,3.2,3.2
MAD,464,2025-05-22,205036,15.8,3.1,4.4,3,8.6,8.6
BCN,465,2025-05-22,74118,17.2,1.9,3.1,1.1,3,3
BCN,466,2025-05-22,259875,20.6,2,3.9,1.5,3.4,3.4
BCN,467,2025-05-22,248266,16.8,1.7,3.3,1.1,3.9,3.9
MAD,468,2025-05-22,74119,11.7,1.5,3.3,0.9,3.1,3.1
MAD,469,2025-05-22,46515,18.5,1.5,3.1,0.9,4.4,4.4
BCN,470,2025-05-22,66944,13.3,1.3,3.2,0.9,2.2,2.2
MAD,471,2025-05-22,105408,23.7,2.8,4,2.7,5.2,5.2
BCN,472,2025-05-22,264652,7.9,2.1,3.6,1.5,4.2,4.2
MAD,473,2025-05-22,61499,14,2.5,4.3,2.1,7.5,7.5
MAD,474,2025-05-21,105408,21.6,0.9,3.7,2.6,5.3,5.3
BCN,475,2025-05-21,248266,21.4,0.8,3.4,1.4,3.6,3.6
MAD,476,2025-05-21,46515,18.8,0.8,2.8,0.8,4.2,4.2
BCN,477,2025-05-21,66944,12.3,2.3,3.2,1.5,1.8,1.8
MAD,478,2025-05-21,34310,16.9,0.8,2.5,0.6,3.4,3.4
MAD,479,2025-05-21,61499,17.6,2.4,3.7,1.9,5.6,5.6
BCN,480,2025-05-21,264652,11.3,2.2,3.3,1.6,3.6,3.6
MAD,481,2025-05-21,205036,4,1.6,2.4,0.8,3.6,3.6
MAD,482,2025-05-21,74119,4,1.6,3.3,1.1,10.9,10.9
BCN,483,2025-05-21,264651,10.3,1.2,4.2,0.6,2.5,2.5
BCN,484,2025-05-21,259875,18.3,0.8,3.4,1.3,3.4,3.4
BCN,485,2025-05-21,65231,18.2,0.8,3.7,1.7,4.4,4.4
BCN,486,2025-05-20,264652,12.8,1.5,3.2,1,2.8,2.8
BCN,487,2025-05-20,74118,11.6,1.6,2.8,0.8,2.7,2.7
BCN,488,2025-05-20,66944,15,2.8,4.1,2.4,3.3,3.3
BCN,489,2025-05-20,248266,19,0.9,3.5,1.4,4.1,4.1
BCN,490,2025-05-20,259875,19.2,0.8,3.5,1.3,3.7,3.7
MAD,491,2025-05-20,105408,17.6,0.9,3.5,2.5,5.5,5.5
MAD,492,2025-05-20,205036,12.9,3.7,4.5,4.4,9.7,9.7
BCN,493,2025-05-20,264651,11.7,1,3.3,0.6,2.2,2.2
BCN,494,2025-05-20,65231,18,0.8,3.8,1.7,4.2,4.2
MAD,495,2025-05-20,61499,10.6,2,5,1.5,4.7,4.7
MAD,496,2025-05-20,46515,17,0.9,2.6,0.8,4.4,4.4
MAD,497,2025-05-20,34310,16.6,0.8,2.5,0.6,3.4,3.4
MAD,498,2025-05-20,74119,9.9,2.3,3.1,1.9,4.6,4.6
MAD,499,2025-05-19,46515,16.3,0.8,2.6,0.8,4,4
BCN,500,2025-05-19,259875,18.9,0.8,3.4,1.3,4,4
MAD,501,2025-05-19,74119,7.5,1.6,3.3,1.1,4.9,4.9
BCN,502,2025-05-19,264652,17.1,1.7,3.6,1.3,4.4,4.4
MAD,503,2025-05-19,105408,17.1,0.8,3.3,2.3,5.5,5.5
BCN,504,2025-05-19,74118,9.7,1.8,3.1,0.9,3.4,3.4
BCN,505,2025-05-19,66944,15.1,1.2,3.3,0.8,2.9,2.9
BCN,506,2025-05-19,248266,18.1,0.8,3.6,1.5,4.2,4.2
MAD,507,2025-05-19,205036,,,,,,
MAD,508,2025-05-19,61499,11.7,3.2,4.7,3,5.8,5.8
MAD,509,2025-05-19,34310,16.7,0.8,2.3,0.6,4.1,4.1
BCN,510,2025-05-19,65231,18.5,0.9,3.6,1.7,4.4,4.4
MAD,511,2025-05-18,105408,18.8,0.8,3.5,2.5,5.5,5.5
BCN,512,2025-05-18,65231,19.4,0.8,3.9,1.8,4.4,4.4
BCN,513,2025-05-18,74118,4,1.6,5.1,0.7,4.2,4.2
BCN,514,2025-05-18,264651,15.2,2.3,3.6,1.7,4.9,4.9
BCN,515,2025-05-18,248266,19,0.8,3.6,1.6,4,4
BCN,516,2025-05-18,66944,13,2.3,3.5,1.6,3.4,3.4
MAD,517,2025-05-18,61499,14.6,3.2,4,3.1,2.7,2.7
MAD,518,2025-05-18,46515,16.8,0.8,2.8,0.8,3.5,3.5
MAD,519,2025-05-18,74119,9.9,1.2,3.2,0.5,3.9,3.9
BCN,520,2025-05-18,259875,18.6,0.8,3.3,1.4,3.5,3.5
MAD,521,2025-05-18,34310,14.3,0.8,2.4,0.6,4.8,4.8
MAD,522,2025-05-17,34310,17.9,0.8,2.5,0.5,4.3,4.3
BCN,523,2025-05-17,65231,17.5,0.9,3.9,1.8,4.4,4.4
MAD,524,2025-05-17,105408,18.2,0.9,3.5,2.5,4.9,4.9
BCN,525,2025-05-17,259875,17.4,0.8,3.3,1.4,4,4
BCN,526,2025-05-17,66944,12.5,1.6,3.3,1,2.1,2.1
BCN,527,2025-05-17,74118,7.1,1.6,3.4,0.9,4.3,4.3
MAD,528,2025-05-17,46515,17.2,0.8,2.4,0.8,4.1,4.1
BCN,529,2025-05-17,264652,11.9,1.2,3,0.9,4.8,4.8
BCN,530,2025-05-17,248266,18.5,0.8,3.5,1.7,3.9,3.9
MAD,531,2025-05-17,61499,13.5,2.3,4,1.6,1.9,1.9
MAD,532,2025-05-17,74119,6.5,1.4,2.6,0.9,4.5,4.5
BCN,533,2025-05-17,264651,14.8,1.8,3.7,1.2,2.7,2.7
MAD,534,2025-05-16,46515,20.1,1.5,2.7,0.8,3.8,3.8
BCN,535,2025-05-16,74118,12.5,2.1,3.2,1.2,0.4,0.4
BCN,536,2025-05-16,264652,13.7,1.2,2.9,0.7,4,4
MAD,537,2025-05-16,34310,19.1,1.3,2.7,0.5,3.8,3.8
MAD,538,2025-05-16,105408,22.9,2.9,4.2,2.9,5,5
BCN,539,2025-05-16,66944,17.2,2.5,4,1.9,5,5
MAD,540,2025-05-16,61499,14.1,2.7,4.1,2.8,9.1,9.1
MAD,541,2025-05-16,205036,12.9,4.5,8.2,5.3,7.9,7.9
BCN,542,2025-05-16,259875,18,2.1,3.7,1.5,3.7,3.7
BCN,543,2025-05-16,264651,15.6,1.2,4.1,0.9,2.4,2.4
MAD,544,2025-05-16,7053,22.5,1.2,2.6,0.6,3.6,3.6
MAD,545,2025-05-16,74119,6.7,2.1,2.8,1.5,5.6,5.6
BCN,546,2025-05-16,65231,19.2,2.3,3.9,1.8,3.6,3.6
BCN,547,2025-05-16,248266,19.3,1.8,3.5,1.3,3.8,3.8
BCN,548,2025-05-15,66944,16.7,1.8,3.6,1.2,6.5,6.5
BCN,549,2025-05-15,259875,18.7,1.9,3.6,1.4,4,4
MAD,550,2025-05-15,61499,15.7,2,4.1,1.6,6.4,6.4
MAD,551,2025-05-15,46515,19,1.6,3.2,0.9,3.6,3.6
MAD,552,2025-05-15,105408,21.8,2.7,3.7,2.6,5.1,5.1
MAD,553,2025-05-15,74119,7.1,1.4,3.4,0.9,3.8,3.8
MAD,554,2025-05-15,34310,18.8,1.4,2.8,0.6,3,3
BCN,555,2025-05-15,65231,19.8,2.3,3.7,1.8,5.2,5.2
BCN,556,2025-05-15,248266,21.3,2,3.7,1.4,4.2,4.2
MAD,557,2025-05-15,7053,20.7,1.4,3,0.7,4.5,4.5
BCN,558,2025-05-15,264651,14.8,1.2,3.7,0.6,3.4,3.4
BCN,559,2025-05-15,264652,15.7,1.9,4,1.3,2.7,2.7
BCN,560,2025-05-14,259875,18.5,2,3.6,1.4,4.1,4.1
BCN,561,2025-05-14,66944,14.2,2,3.6,1.5,4,4
MAD,562,2025-05-14,61499,15,2.1,3.5,1.5,3.6,3.6
MAD,563,2025-05-14,105408,19.3,2.7,3.7,2.5,5.4,5.4
MAD,564,2025-05-14,205036,5.3,1.8,2.7,1.3,3.4,3.4
BCN,565,2025-05-14,264652,12.6,1.8,5,1.2,5,5
BCN,566,2025-05-14,248266,22.5,1.8,3.5,1.2,3.6,3.6
BCN,567,2025-05-14,65231,19.3,2.3,3.8,1.8,4.3,4.3
MAD,568,2025-05-14,46515,18,1.5,2.8,0.8,3.9,3.9
MAD,569,2025-05-14,74119,9.5,1.8,2.8,1.3,3.5,3.5
BCN,570,2025-05-14,74118,6.8,2.9,4.9,2.2,1.4,1.4
MAD,571,2025-05-14,7053,19.4,1.3,2.7,0.6,3.8,3.8
MAD,572,2025-05-14,34310,16.5,1.3,2.4,0.5,3.8,3.8
MAD,573,2025-05-13,7053,20.3,1.2,2.5,0.5,3.6,3.6
BCN,574,2025-05-13,248266,16.6,1.9,3.5,1.4,3.6,3.6
MAD,575,2025-05-13,61499,13.8,2.9,8.4,2.7,5.8,5.8
BCN,576,2025-05-13,264651,13.8,2.9,3.8,2.3,1.1,1.1
MAD,577,2025-05-13,74119,8.9,1.7,2.9,1.2,3.2,3.2
BCN,578,2025-05-13,259875,17.2,2,3.5,1.4,3.3,3.3
MAD,579,2025-05-13,205036,4.7,2.3,4.2,2,6.1,6.1
MAD,580,2025-05-13,34310,18.1,1.4,2.4,0.6,4.2,4.2
BCN,581,2025-05-13,66944,11.3,1.7,3.2,1.1,2.7,2.7
MAD,582,2025-05-13,105408,18.5,2.7,3.4,2.6,4.2,4.2
MAD,583,2025-05-13,46515,18.6,1.5,2.6,0.8,3.5,3.5
BCN,584,2025-05-13,65231,17.7,2.1,3.7,1.6,3.7,3.7
BCN,585,2025-05-13,264652,9.5,1.6,3.7,1.2,1.9,1.9
BCN,586,2025-05-13,74118,10.2,2.1,3.3,1.3,3.3,3.3
MAD,587,2025-05-12,46515,16.4,1.5,2.6,0.8,4,4
MAD,588,2025-05-12,34310,19.5,1.3,2.4,0.6,4.3,4.3
BCN,589,2025-05-12,65231,18.3,2.3,3.7,1.7,4.2,4.2
MAD,590,2025-05-12,61499,12.3,2.7,4.4,2.4,5.1,5.1
BCN,591,2025-05-12,264651,13,0.8,2.8,0.4,2.6,2.6
BCN,592,2025-05-12,264652,12.5,1.8,3.2,1.3,4,4
MAD,593,2025-05-12,205036,8,4.5,8.4,5.5,7.6,7.6
MAD,594,2025-05-12,74119,13.7,2,3.1,1.5,3.5,3.5
BCN,595,2025-05-12,74118,13.1,2.4,3.9,1.7,5.4,5.4
MAD,596,2025-05-12,105408,17.6,2.7,3.6,2.7,6.2,6.2
MAD,597,2025-05-12,7053,16.4,1.3,2.6,0.6,3.5,3.5
BCN,598,2025-05-12,248266,19.5,2.1,3.4,1.5,4.1,4.1
BCN,599,2025-05-12,66944,10.7,2.3,3.4,1.8,3.3,3.3
BCN,600,2025-05-12,259875,19.7,1.9,3.3,1.4,3.9,3.9
MAD,601,2025-05-11,74119,9.2,2.1,2.8,1.6,4,4
BCN,602,2025-05-11,248266,17.2,2.1,3.5,1.6,3.9,3.9
MAD,603,2025-05-11,205036,14.8,2.7,4.4,2.5,3.6,3.6
BCN,604,2025-05-11,259875,17.5,1.9,3.2,1.3,4.2,4.2
BCN,605,2025-05-11,65231,18.8,2.3,3.8,1.7,4.2,4.2
MAD,606,2025-05-11,34310,16.3,1.4,2.3,0.6,3.9,3.9
BCN,607,2025-05-11,66944,37.1,1.9,4,1.5,4.4,4.4
BCN,608,2025-05-11,264652,9.6,2.2,3.8,1.6,4.9,4.9
MAD,609,2025-05-11,46515,16.5,1.5,2.5,0.7,4,4
BCN,610,2025-05-11,74118,10,2.9,5.6,2.3,4.2,4.2
MAD,611,2025-05-11,7053,18.2,1.3,2.6,0.5,3.6,3.6
MAD,612,2025-05-11,105408,18.6,2.7,3.5,2.6,4.8,4.8
MAD,613,2025-05-11,61499,13.2,2.4,4.9,2,2.2,2.2
MAD,614,2025-05-10,46515,16.9,1.5,2.6,0.8,3.7,3.7
MAD,615,2025-05-10,7053,16.2,1.4,2.7,0.6,3.3,3.3
MAD,616,2025-05-10,205036,12.1,1.3,2.6,0.7,4.6,4.6
BCN,617,2025-05-10,248266,17.9,1.9,3.6,1.3,4.3,4.3
BCN,618,2025-05-10,264652,11.7,1.8,3.1,1.2,5,5
MAD,619,2025-05-10,61499,10.3,2.5,3.8,2,2.6,2.6
MAD,620,2025-05-10,105408,17,2.7,3.5,2.7,5.2,5.2
MAD,621,2025-05-10,34310,16,1.3,2.3,0.6,5.4,5.4
BCN,622,2025-05-10,74118,10.6,2.3,4.6,1.6,5.8,5.8
BCN,623,2025-05-10,259875,19.7,1.9,3.9,1.4,3.9,3.9
MAD,624,2025-05-10,74119,5.7,1.9,4.5,1.5,3.6,3.6
BCN,625,2025-05-10,65231,17.7,2.2,4,1.6,3.8,3.8
BCN,626,2025-05-10,264651,13.8,1.4,4.4,0.9,4.5,4.5
MAD,627,2025-05-09,61499,15.1,2,3.7,1.6,4.2,4.2
MAD,628,2025-05-09,46515,20.2,1.5,2.8,0.8,4.2,4.2
MAD,629,2025-05-09,34310,17.4,1.4,2.8,0.6,4.4,4.4
BCN,630,2025-05-09,65231,19.4,2.3,3.9,1.7,4.2,4.2
BCN,631,2025-05-09,74118,10.5,1.6,4.3,0.7,2.9,2.9
BCN,632,2025-05-09,248266,20.2,2.2,3.8,1.6,4.1,4.1
BCN,633,2025-05-09,259875,19.2,2.1,3.5,1.5,3.8,3.8
MAD,634,2025-05-09,7053,21.3,1.4,3,0.7,4.8,4.8
MAD,635,2025-05-09,105408,22.6,2.6,3.6,2.4,6,6
BCN,636,2025-05-09,66944,14.9,1.2,3,0.7,2.9,2.9
BCN,637,2025-05-09,264652,20.9,1.9,3.6,1.4,3.7,3.7
MAD,638,2025-05-09,74119,14.2,1.6,3.4,1,4.5,4.5
MAD,639,2025-05-09,205036,11.3,2.1,3.9,1.6,4.4,4.4
BCN,640,2025-05-09,264651,11.3,1.2,3.5,0.7,2.4,2.4
MAD,641,2025-05-08,46515,20.1,1.5,3.2,0.9,3.5,3.5
MAD,642,2025-05-08,7053,24.5,1.5,2.8,0.7,4.1,4.1
MAD,643,2025-05-08,74119,4.5,2.1,2.9,1.4,8.2,8.2
BCN,644,2025-05-08,66944,16.2,3.2,4.3,2.8,3.4,3.4
BCN,645,2025-05-08,264652,13.3,1.8,4.1,1.2,5.4,5.4
BCN,646,2025-05-08,259875,20.3,2.2,4,1.6,4,4
MAD,647,2025-05-08,34310,18.6,1.3,2.5,0.5,3.4,3.4
BCN,648,2025-05-08,65231,21.8,2.3,4.3,1.7,4.4,4.4
MAD,649,2025-05-08,61499,13.1,1.8,3.4,1.2,4.2,4.2
BCN,650,2025-05-08,264651,11.7,1.6,4.1,1.2,0.9,0.9
MAD,651,2025-05-08,105408,21.4,2.9,4,2.9,4.8,4.8
BCN,652,2025-05-08,248266,19.2,1.9,3.5,1.3,4.5,4.5
BCN,653,2025-05-07,248266,19.3,2.1,3.5,1.5,4.1,4.1
MAD,654,2025-05-07,46515,15.9,1.4,2.7,0.7,4.3,4.3
MAD,655,2025-05-07,205036,12,3.2,5.3,3.2,6.2,6.2
MAD,656,2025-05-07,74119,18.3,2.4,3.3,1.9,4.7,4.7
BCN,657,2025-05-07,66944,14.3,1.2,3.3,0.6,3,3
BCN,658,2025-05-07,259875,17.5,1.8,3.1,1.2,4.2,4.2
BCN,659,2025-05-07,65231,18.2,2.3,4.3,1.8,4.3,4.3
MAD,660,2025-05-07,7053,20.7,1.3,2.6,0.6,4.5,4.5
BCN,661,2025-05-07,264652,8.3,1.5,3.7,1.1,2.2,2.2
MAD,662,2025-05-07,61499,13.7,2,3.2,1.4,4.2,4.2
MAD,663,2025-05-07,105408,18.8,2.9,4,2.8,7.3,7.3
BCN,664,2025-05-07,74118,8,2.1,3.4,1.3,4.4,4.4
MAD,665,2025-05-07,34310,16.1,1.3,2.4,0.6,5,5
BCN,666,2025-05-07,264651,13.7,1.6,4.4,1,0.9,0.9
BCN,667,2025-05-06,65231,18.9,2.3,3.9,1.7,4.9,4.9
BCN,668,2025-05-06,66944,13,2.6,4.2,2,4.7,4.7
BCN,669,2025-05-06,248266,16.9,2.1,3.3,1.5,4.7,4.7
MAD,670,2025-05-06,61499,12,2.1,3.7,1.6,5.2,5.2
BCN,671,2025-05-06,264651,16.7,1.6,2.7,1,5.1,5.1
MAD,672,2025-05-06,34310,17.6,1.3,2.5,0.6,4.4,4.4
BCN,673,2025-05-06,259875,16.5,1.9,3.1,1.3,4.2,4.2
BCN,674,2025-05-06,264652,10.4,1.8,3.8,1.4,5,5
MAD,675,2025-05-06,205036,13.5,2.5,4.8,2.3,3.5,3.5
MAD,676,2025-05-06,7053,16.7,1.3,2.7,0.6,4,4
MAD,677,2025-05-06,105408,18.3,2.8,4.1,2.7,6.1,6.1
MAD,678,2025-05-06,46515,17.5,1.5,2.6,0.9,4.9,4.9
MAD,679,2025-05-06,74119,11,1.9,2.8,1.3,3.3,3.3
BCN,680,2025-05-05,65231,19.8,2.2,3.6,1.6,5.5,5.5
BCN,681,2025-05-05,74118,5,2.1,4.2,1.2,2,2
MAD,682,2025-05-05,61499,15.7,1.8,4.9,1.3,4,4
MAD,683,2025-05-05,7053,16,1.3,2.7,0.6,4.8,4.8
MAD,684,2025-05-05,205036,18,2.3,3.9,1.8,5.6,5.6
MAD,685,2025-05-05,46515,17.3,1.5,2.5,0.8,4.7,4.7
BCN,686,2025-05-05,264652,12.8,3.3,4.4,2.8,6.8,6.8
MAD,687,2025-05-05,74119,8.9,2.5,3,2.1,4.7,4.7
MAD,688,2025-05-05,105408,17.1,2.8,3.7,2.6,6.3,6.3
MAD,689,2025-05-05,34310,15.6,1.4,2.4,0.6,4.9,4.9
BCN,690,2025-05-05,248266,18.6,2.1,3.6,1.5,3.8,3.8
BCN,691,2025-05-05,264651,20.5,1.3,3.2,0.8,1.7,1.7
BCN,692,2025-05-05,259875,15.8,2,3.2,1.5,3.9,3.9
BCN,693,2025-05-05,66944,10.9,2.3,3.8,1.6,2.5,2.5
MAD,694,2025-05-04,34310,17.4,1.4,2.4,0.6,4.5,4.5
MAD,695,2025-05-04,105408,17.1,2.6,3.4,2.4,6.2,6.2
MAD,696,2025-05-04,205036,13.1,2.9,4.1,3,7.1,7.1
BCN,697,2025-05-04,66944,11.5,1.5,3.3,1,4.3,4.3
BCN,698,2025-05-04,264651,22.7,1.2,3.4,0.9,3.3,3.3
BCN,699,2025-05-04,65231,18.1,2.2,3.7,1.7,4.4,4.4
MAD,700,2025-05-04,46515,17.8,1.4,2.4,0.7,4.8,4.8
BCN,701,2025-05-04,74118,9.4,2.7,3.2,1.9,5.8,5.8
MAD,702,2025-05-04,74119,7.6,1.6,2.6,1.1,1.9,1.9
BCN,703,2025-05-04,264652,15.3,1.9,5,1.4,2.7,2.7
MAD,704,2025-05-04,7053,16.2,1.3,2.4,0.6,3.7,3.7
BCN,705,2025-05-04,248266,18.7,2.3,3.8,1.7,3.9,3.9
MAD,706,2025-05-04,61499,17.8,2.2,3.2,1.8,6.5,6.5
BCN,707,2025-05-04,259875,15.7,1.9,3.2,1.3,4.3,4.3
BCN,708,2025-05-03,264651,10.9,1.6,4,1,1.9,1.9
BCN,709,2025-05-03,66944,11.9,1.8,3.2,1.2,3,3
MAD,710,2025-05-03,61499,20.5,2.7,4.1,2.7,3.4,3.4
BCN,711,2025-05-03,259875,16.8,1.8,3.2,1.3,3.8,3.8
MAD,712,2025-05-03,205036,9.8,2.5,5.9,2.1,8.7,8.7
MAD,713,2025-05-03,74119,14.5,1.8,3.1,1.3,3.5,3.5
MAD,714,2025-05-03,105408,21,2.4,3.3,2.1,5.1,5.1
MAD,715,2025-05-03,7053,21.2,1.3,2.8,0.6,3.7,3.7
BCN,716,2025-05-03,248266,22.2,2.2,4,1.7,4.2,4.2
BCN,717,2025-05-03,65231,18.2,2.3,3.8,1.8,4.4,4.4
MAD,718,2025-05-03,46515,19.7,1.5,2.7,0.8,3.8,3.8
MAD,719,2025-05-03,34310,19.7,1.3,2.5,0.6,4.2,4.2
BCN,720,2025-05-03,74118,10.1,2.5,4.5,1.9,2.6,2.6
MAD,721,2025-05-02,34310,18.4,1.3,2.8,0.5,3.8,3.8
BCN,722,2025-05-02,259875,21.2,1.8,3.3,1.2,4.7,4.7
BCN,723,2025-05-02,264651,15.9,1.2,3.2,0.5,2.7,2.7
BCN,724,2025-05-02,74118,10,2.6,4.2,1.9,6.4,6.4
BCN,725,2025-05-02,66944,15.7,2.9,4.1,2.4,4.2,4.2
BCN,726,2025-05-02,264652,17.9,2.3,4,1.6,3.1,3.1
BCN,727,2025-05-02,248266,19.9,1.8,3.1,1.3,3.2,3.2
MAD,728,2025-05-02,205036,13.4,2.3,3.4,1.8,3.5,3.5
MAD,729,2025-05-02,61499,18.6,1.9,4.7,1.5,3.3,3.3
MAD,730,2025-05-02,105408,23.6,2.7,4.4,2.6,4.8,4.8
BCN,731,2025-05-02,65231,20.7,2.3,4.1,1.7,4.9,4.9
MAD,732,2025-05-02,46515,16.4,1.4,2.8,0.7,3.4,3.4
MAD,733,2025-05-01,34310,19.3,1.3,2.5,0.6,5.1,5.1
MAD,734,2025-05-01,46515,19,1.4,2.4,0.7,4.1,4.1
BCN,735,2025-05-01,74118,14.6,3.3,4.6,2.9,4.9,4.9
BCN,736,2025-05-01,248266,17.5,1.8,2.8,1.1,4.2,4.2
BCN,737,2025-05-01,66944,17.6,2.1,4.4,1.6,4.5,4.5
BCN,738,2025-05-01,264651,8.9,1.4,3.3,0.8,4.3,4.3
BCN,739,2025-05-01,65231,22.9,2.4,4.3,1.8,5.1,5.1
MAD,740,2025-05-01,61499,14.6,2.4,3.8,2,2.8,2.8
MAD,741,2025-05-01,105408,21.4,2.7,3.4,2.5,5.6,5.6
BCN,742,2025-05-01,259875,22.7,1.9,3.2,1.3,4.4,4.4
MAD,743,2025-05-01,74119,10.3,1.9,3.8,1.5,5.7,5.7
BCN,744,2025-05-01,264652,20.3,1.8,4.2,1.2,6,6
MAD,745,2025-05-01,205036,13.4,2.4,4.9,1.9,4.6,4.6
BCN,746,2025-04-30,259875,19.8,1.8,3.2,1.2,3.2,3.2
MAD,747,2025-04-30,205036,8.6,2.6,4.5,2.4,3.4,3.4
BCN,748,2025-04-30,264651,12.8,1.2,2.6,0.9,1.5,1.5
BCN,749,2025-04-30,74118,9.1,2.4,4.1,1.9,3.3,3.3
BCN,750,2025-04-30,248266,20.2,1.9,3.5,1.3,3.7,3.7
MAD,751,2025-04-30,74119,8.3,1.6,3.6,1.2,1.7,1.7
BCN,752,2025-04-30,65231,21.4,2.1,4,1.6,4,4
BCN,753,2025-04-30,264652,10.2,1.4,3.1,0.9,0.8,0.8
MAD,754,2025-04-30,46515,17.8,1.5,2.8,0.8,3.5,3.5
MAD,755,2025-04-30,61499,10.7,3,4.4,3,3.8,3.8
MAD,756,2025-04-30,105408,19.5,2.6,3.5,2.5,4.5,4.5
BCN,757,2025-04-30,66944,13.9,2.6,4.1,2.1,12.7,12.7
BCN,758,2025-04-29,259875,16.4,1.8,3,1.2,3.3,3.3
MAD,759,2025-04-29,105408,20.1,2.5,3.4,2.3,3.8,3.8
MAD,760,2025-04-29,61499,5.9,2.1,3.2,1.3,1.8,1.8
BCN,761,2025-04-29,248266,23.2,2.1,3.3,1.5,3.1,3.1
BCN,762,2025-04-29,65231,21.1,2.2,3.6,1.6,3.4,3.4
MAD,763,2025-04-29,205036,13.6,3.3,5.1,3.3,2.5,2.5
MAD,764,2025-04-29,46515,17.4,1.5,2.5,0.8,3.5,3.5
MAD,765,2025-04-29,74119,11.9,2.1,3.1,1.5,2,2
MAD,766,2025-04-29,34310,15,1.3,2.3,0.5,3.6,3.6
BCN,767,2025-04-29,264651,12.5,1.6,3.1,1,3.7,3.7
BCN,768,2025-04-29,74118,4,2.1,3.4,1.4,1.4,1.4
BCN,769,2025-04-29,264652,9,1.9,5.4,1.3,3.1,3.1
BCN,770,2025-04-29,66944,10.4,2.3,3.6,1.8,2.1,2.1
BCN,771,2025-04-28,248266,17.1,2,3.3,1.5,3.8,3.8
MAD,772,2025-04-28,105408,19.3,2.4,3.1,2.1,5.2,5.2
MAD,773,2025-04-28,34310,17.6,1.3,2.3,0.6,3.8,3.8
MAD,774,2025-04-28,46515,18.6,1.4,2.5,0.7,4.5,4.5
MAD,775,2025-04-28,74119,8,2.5,2.8,1.9,5.2,5.2
BCN,776,2025-04-28,65231,19.2,2.1,3.8,1.6,3.9,3.9
BCN,777,2025-04-28,259875,18.7,1.9,3.2,1.3,3.8,3.8
MAD,778,2025-04-28,205036,9.1,1.5,2.8,0.7,3.5,3.5
BCN,779,2025-04-28,74118,8.9,2.6,4.9,1.9,4.2,4.2
BCN,780,2025-04-28,66944,9.7,2.7,4.6,2.3,2.8,2.8
MAD,781,2025-04-28,61499,14.6,2.7,3.7,2.4,3.5,3.5
BCN,782,2025-04-28,264652,15.9,2.1,4.4,1.6,4.7,4.7
BCN,783,2025-04-28,264651,11.8,1.6,3.6,1.2,3.3,3.3
BCN,784,2025-04-27,65231,18.3,2.2,3.4,1.7,3.4,3.4
MAD,785,2025-04-27,61499,16.9,2.3,4.7,1.8,3.6,3.6
BCN,786,2025-04-27,74118,8.9,2.5,4.4,2.1,5.4,5.4
BCN,787,2025-04-27,66944,14.4,2.6,3.4,2,4.1,4.1
MAD,788,2025-04-27,205036,13.2,2.7,5.3,2.7,1.7,1.7
MAD,789,2025-04-27,74119,4,1.6,3.4,1.2,17.1,17.1
MAD,790,2025-04-27,46515,17,1.5,2.5,0.8,3.3,3.3
BCN,791,2025-04-27,259875,18.9,1.7,3,1.2,4,4
BCN,792,2025-04-27,264651,15.3,1.5,2.9,1,2.1,2.1
BCN,793,2025-04-27,248266,16.5,2.2,3.4,1.6,3.7,3.7
MAD,794,2025-04-27,105408,19.8,2.6,3.2,2.4,4.4,4.4
BCN,795,2025-04-27,264652,7.9,1.2,4,0.8,1.8,1.8
MAD,796,2025-04-27,34310,17.3,1.2,2.3,0.5,3.1,3.1
MAD,797,2025-04-26,34310,15.3,1.4,2.3,0.6,3.3,3.3
MAD,798,2025-04-26,46515,19.5,1.5,2.6,0.8,3.3,3.3
BCN,799,2025-04-26,264651,10.2,2.1,3.6,1.7,2,2
BCN,800,2025-04-26,74118,9.7,2.4,4.9,1.7,2.9,2.9
MAD,801,2025-04-26,61499,12.1,2.4,4.4,2,1.8,1.8
BCN,802,2025-04-26,259875,18.9,1.7,3.2,1.2,3.5,3.5
MAD,803,2025-04-26,205036,13.5,3.7,6.3,4.2,6.5,6.5
MAD,804,2025-04-26,105408,18,2.5,3.2,2.3,3.3,3.3
BCN,805,2025-04-26,264652,14.6,1.5,3.3,1,2.8,2.8
BCN,806,2025-04-26,66944,9.8,2.1,3.9,1.5,3.2,3.2
MAD,807,2025-04-26,74119,12.5,1.8,2.7,1.3,3,3
BCN,808,2025-04-26,65231,19.9,2.1,3.8,1.6,3.1,3.1
BCN,809,2025-04-26,248266,15.3,1.9,3.2,1.4,3,3
BCN,810,2025-04-25,248266,20.7,1.9,3.3,1.6,3.1,3.1
BCN,811,2025-04-25,264652,15.8,2.5,4.1,1.9,1.8,1.8
BCN,812,2025-04-25,65231,21.6,2.3,4,1.8,3.4,3.4
MAD,813,2025-04-25,205036,9.8,1.2,2.8,0.5,2.9,2.9
BCN,814,2025-04-25,66944,18.6,2,3.6,1.7,3.3,3.3
MAD,815,2025-04-25,34310,29,1.3,3.1,0.5,3.3,3.3
MAD,816,2025-04-25,74119,6.3,1.6,3.6,1,2.1,2.1
BCN,817,2025-04-25,74118,10.1,2.2,4,1.5,2.8,2.8
BCN,818,2025-04-25,259875,20.3,1.8,3.4,1.3,2.8,2.8
MAD,819,2025-04-25,105408,21.4,2.4,4.4,2.1,3.6,3.6
MAD,820,2025-04-25,61499,14.8,1.8,4.3,1.3,2.3,2.3
MAD,821,2025-04-25,46515,21.6,1.6,3.6,0.9,3.6,3.6
BCN,822,2025-04-25,264651,22.1,2.1,3.9,1.5,3.3,3.3
BCN,823,2025-04-24,259875,20.8,1.9,3.9,1.4,2.4,2.4
BCN,824,2025-04-24,74118,8.1,2.2,3.8,1.6,1.1,1.1
MAD,825,2025-04-24,46515,20.8,1.6,2.9,0.9,3.2,3.2
MAD,826,2025-04-24,34310,18.9,1.4,2.3,0.6,4,4
BCN,827,2025-04-24,264651,15.8,2.5,4,2,4.4,4.4
MAD,828,2025-04-24,105408,23.9,2.6,3.5,2.4,3.5,3.5
MAD,829,2025-04-24,205036,8.5,2.1,3.3,1.6,3.1,3.1
MAD,830,2025-04-24,61499,15.7,2.2,4.1,1.8,2.7,2.7
BCN,831,2025-04-24,264652,13.5,1.7,3.9,1.2,1.4,1.4
BCN,832,2025-04-24,65231,21.8,2.3,4.4,1.8,2.9,2.9
MAD,833,2025-04-24,74119,30,2.9,4.4,2.5,3.1,3.1
BCN,834,2025-04-24,248266,27.4,1.7,3.1,1.1,2.6,2.6
MAD,835,2025-04-23,205036,9,2.1,3,1.4,3.3,3.3
BCN,836,2025-04-23,65231,22,2.4,4.2,1.8,3,3
MAD,837,2025-04-23,34310,16.7,1.4,2.3,0.6,3,3
BCN,838,2025-04-23,66944,13.6,1.9,4.2,1.5,3,3
BCN,839,2025-04-23,264652,11.9,1.6,3.4,1.1,2.7,2.7
MAD,840,2025-04-23,105408,19.7,2.4,3.3,2.1,3.2,3.2
MAD,841,2025-04-23,61499,13.4,2.9,4.7,2.7,4.1,4.1
MAD,842,2025-04-23,74119,5,2.3,2.6,1.9,5.2,5.2
BCN,843,2025-04-23,248266,17,2,3.3,1.4,2.6,2.6
BCN,844,2025-04-23,259875,19,1.9,3.6,1.4,3.2,3.2
BCN,845,2025-04-23,264651,9.9,1.2,3.3,0.7,3.6,3.6
BCN,846,2025-04-23,74118,10,2.1,4.2,1.6,3.2,3.2
MAD,847,2025-04-23,46515,17,1.5,2.6,0.8,3.1,3.1
BCN,848,2025-04-22,74118,10.4,1.9,4.2,1.3,2.1,2.1
MAD,849,2025-04-22,105408,21.1,2.5,3.9,2.3,2.8,2.8
BCN,850,2025-04-22,259875,20.2,1.7,3.1,1.1,2.3,2.3
BCN,851,2025-04-22,264651,11.9,1.6,3.1,1.2,2.9,2.9
BCN,852,2025-04-22,248266,21.6,2.1,3.5,1.5,2.4,2.4
BCN,853,2025-04-22,65231,19.2,2.1,3.7,1.5,2.6,2.6
MAD,854,2025-04-22,205036,8,1.2,3.1,0.6,2.1,2.1
BCN,855,2025-04-22,66944,11.8,1.4,4.4,1,2.7,2.7
BCN,856,2025-04-22,264652,11.1,0.8,3.1,0.4,2.2,2.2
MAD,857,2025-04-22,61499,15.7,3.7,6.7,4.5,2.5,2.5
MAD,858,2025-04-22,34310,17.4,1.3,2.8,0.6,2.7,2.7
MAD,859,2025-04-22,46515,18.9,1.5,2.9,0.8,3,3
BCN,860,2025-04-21,65231,20.9,2.1,3.6,1.6,2.9,2.9
BCN,861,2025-04-21,264651,12,1.1,3.4,0.4,1.7,1.7
MAD,862,2025-04-21,74119,10.6,2.2,2.7,1.6,2.3,2.3
BCN,863,2025-04-21,259875,19.6,1.9,3.4,1.3,2.2,2.2
MAD,864,2025-04-21,105408,17.8,2.6,3.5,2.5,3,3
BCN,865,2025-04-21,66944,16,1.9,3.3,1.3,2.6,2.6
MAD,866,2025-04-21,34310,18.7,1.3,2.3,0.6,3.1,3.1
MAD,867,2025-04-21,61499,11.4,2.5,3.6,2.3,1.9,1.9
BCN,868,2025-04-21,74118,8.7,2.7,3.8,2.1,3.3,3.3
MAD,869,2025-04-21,46515,19,1.5,2.6,0.8,3.2,3.2
MAD,870,2025-04-21,205036,9.3,3.7,6.2,3.9,1.9,1.9
BCN,871,2025-04-21,248266,21.2,2,3.5,1.5,3.1,3.1
BCN,872,2025-04-21,264652,10.4,0.8,2.8,0.4,1.4,1.4
BCN,873,2025-04-20,248266,18.6,2,3.5,1.4,2.4,2.4
MAD,874,2025-04-20,46515,18,1.4,2.5,0.7,3.2,3.2
MAD,875,2025-04-20,105408,18,2.4,3.1,2.2,3.6,3.6
BCN,876,2025-04-20,74118,7.7,3.7,5,3.3,2.2,2.2
MAD,877,2025-04-20,61499,11.3,3,4.3,2.7,1.6,1.6
MAD,878,2025-04-20,74119,8.5,0.8,2.6,0.2,2.1,2.1
BCN,879,2025-04-20,66944,12.7,2.5,3.8,2,2.2,2.2
MAD,880,2025-04-20,205036,8,1.2,2.5,0.6,5.8,5.8
BCN,881,2025-04-20,259875,19,1.8,3.2,1.2,2.7,2.7
MAD,882,2025-04-20,34310,18.8,1.3,2.3,0.5,3.5,3.5
BCN,883,2025-04-20,65231,19.8,2.1,3.5,1.6,2.5,2.5
BCN,884,2025-04-20,264651,13,1.2,3.3,0.7,2.1,2.1
BCN,885,2025-04-20,264652,13.3,2,3.4,1.4,2,2
BCN,886,2025-04-19,65231,19.2,2.2,3.9,1.6,2.6,2.6
BCN,887,2025-04-19,248266,17.5,2,3.5,1.5,2.6,2.6
BCN,888,2025-04-19,66944,17,2.2,3.5,1.6,3,3
BCN,889,2025-04-19,259875,17.6,2,3.5,1.5,2.3,2.3
MAD,890,2025-04-19,46515,17.7,1.5,2.5,0.8,3.2,3.2
MAD,891,2025-04-19,61499,14.3,2.1,3.4,1.7,1.9,1.9
MAD,892,2025-04-19,205036,8.5,3.5,5,3.8,2.8,2.8
MAD,893,2025-04-19,34310,17,1.4,2.2,0.6,3,3
MAD,894,2025-04-19,74119,8.1,1.4,2.5,0.7,3.4,3.4
MAD,895,2025-04-19,105408,17.7,2.6,3.3,2.4,2.9,2.9
BCN,896,2025-04-19,264651,21.5,1.5,3.2,1,4,4
BCN,897,2025-04-19,74118,10.8,3.7,5.2,3.4,2.6,2.6
BCN,898,2025-04-19,264652,15.7,1.2,3,0.7,2.7,2.7
MAD,899,2025-04-18,105408,22.2,2.7,3.7,2.5,3,3
BCN,900,2025-04-18,264651,15.2,1.6,3.7,1.2,2.9,2.9
MAD,901,2025-04-18,61499,17.6,2.2,3.6,1.9,1.6,1.6
BCN,902,2025-04-18,65231,20.8,2.3,4.1,1.7,2.4,2.4
MAD,903,2025-04-18,34310,19.3,1.3,2.5,0.6,3.2,3.2
BCN,904,2025-04-18,248266,22.4,2.1,3.5,1.5,2.5,2.5
MAD,905,2025-04-18,74119,8.3,2.1,2.7,1.6,3,3
BCN,906,2025-04-18,259875,26.7,2,3.8,1.4,4.1,4.1
BCN,907,2025-04-18,66944,18.6,2.1,4.1,1.6,3.1,3.1
MAD,908,2025-04-18,46515,19,1.6,2.6,0.9,2.8,2.8
MAD,909,2025-04-18,205036,10.1,2.1,3.5,1.6,2.4,2.4
BCN,910,2025-04-18,74118,13.2,2.7,4.1,2.1,2.9,2.9
BCN,911,2025-04-18,264652,26.1,1.9,3.4,1.4,3.7,3.7
BCN,912,2025-04-17,259875,21.5,1.9,3.7,1.3,2.5,2.5
MAD,913,2025-04-17,34310,26.1,1.4,2.7,0.6,2.6,2.6
BCN,914,2025-04-17,74118,10.1,3,4.6,2.5,1.8,1.8
BCN,915,2025-04-17,264651,15.3,1.8,4.3,1.4,5.8,5.8
MAD,916,2025-04-17,105408,24.6,2.8,3.8,2.7,3.1,3.1
MAD,917,2025-04-17,74119,7,2.1,2.8,1.4,2.3,2.3
BCN,918,2025-04-17,264652,,,,,,
BCN,919,2025-04-17,66944,22.3,1.6,3.4,1.2,1.5,1.5
MAD,920,2025-04-17,46515,16.3,1.5,2.8,0.8,3.1,3.1
MAD,921,2025-04-17,61499,16.8,2.5,4,2.2,4.9,4.9
BCN,922,2025-04-17,248266,23.9,2.1,3.6,1.5,3.3,3.3
BCN,923,2025-04-17,65231,22.6,2.3,4.1,1.8,2.6,2.6
MAD,924,2025-04-17,205036,8.5,4.5,10.9,5.4,1.5,1.5
MAD,925,2025-04-16,46515,17.4,1.6,2.8,0.8,3.4,3.4
MAD,926,2025-04-16,105408,20.9,2.5,3.4,2.2,2.8,2.8
BCN,927,2025-04-16,264651,9.9,2.3,5.2,1.7,6.3,6.3
BCN,928,2025-04-16,259875,17.5,2,3.4,1.4,2.5,2.5
MAD,929,2025-04-16,205036,9,2.1,3.8,1.3,1.8,1.8
BCN,930,2025-04-16,65231,20.4,2.1,4.3,1.6,2.9,2.9
MAD,931,2025-04-16,74119,13.7,1.6,2.4,1.1,5.5,5.5
BCN,932,2025-04-16,264652,11.3,1.6,3,1,6.8,6.8
BCN,933,2025-04-16,248266,21.7,2,3.3,1.5,3.3,3.3
MAD,934,2025-04-16,34310,16.3,1.3,2.3,0.5,2.7,2.7
BCN,935,2025-04-16,74118,12.3,2.3,3.9,2,2.4,2.4
MAD,936,2025-04-16,61499,11.7,2.8,4.4,2.7,3.1,3.1
BCN,937,2025-04-16,66944,12.3,2.3,3.6,1.8,3.6,3.6
BCN,938,2025-04-15,259875,16.7,1.7,3.1,1.2,2.6,2.6
BCN,939,2025-04-15,65231,19,2,3.6,1.5,2.8,2.8
BCN,940,2025-04-15,264652,,,,,,
BCN,941,2025-04-15,66944,11.6,1.8,2.8,1.3,2.5,2.5
MAD,942,2025-04-15,74119,12.5,0.8,2.2,0.2,4.3,4.3
MAD,943,2025-04-15,46515,18,1.5,2.5,0.8,3.6,3.6
MAD,944,2025-04-15,61499,12.5,2.2,4.2,2,1.8,1.8
BCN,945,2025-04-15,74118,15.1,2.9,4.2,2.3,2.2,2.2
MAD,946,2025-04-15,105408,18.4,2.4,3.3,2.1,3.2,3.2
MAD,947,2025-04-15,34310,18.6,1.3,2.4,0.5,3.3,3.3
BCN,948,2025-04-15,264651,8.5,2.1,4,1.5,0.4,0.4
MAD,949,2025-04-15,205036,14.3,1.8,3.4,1.4,2,2
BCN,950,2025-04-15,248266,20,1.9,3.2,1.3,2.9,2.9
BCN,951,2025-04-14,66944,16.1,2.6,3.7,2,2.4,2.4
MAD,952,2025-04-14,46515,19.5,1.4,2.5,0.7,2.5,2.5
MAD,953,2025-04-14,34310,17.6,1.3,2.3,0.5,3.2,3.2
BCN,954,2025-04-14,248266,22.3,2,3.4,1.4,2.9,2.9
MAD,955,2025-04-14,74119,13,1.6,2.2,0.8,2.3,2.3
BCN,956,2025-04-14,259875,19.6,1.8,3.1,1.2,2.5,2.5
MAD,957,2025-04-14,105408,18.4,2.6,3.4,2.4,3.4,3.4
BCN,958,2025-04-14,65231,19.5,2.2,3.3,1.6,2.9,2.9
MAD,959,2025-04-14,61499,12.8,3.4,4.5,3.4,3,3
MAD,960,2025-04-14,205036,9.1,3.3,4,3,2,2
BCN,961,2025-04-14,74118,7.3,1.2,2.7,0.5,3.3,3.3
BCN,962,2025-04-14,264651,13.3,1.6,4.5,1.1,4.6,4.6
BCN,963,2025-04-13,259875,17,1.4,2.8,0.8,2.5,2.5
BCN,964,2025-04-13,65231,19.1,2.3,3.8,1.7,3,3
MAD,965,2025-04-13,34310,17.7,1.3,2.6,0.6,3.2,3.2
MAD,966,2025-04-13,46515,17.6,1.4,2.7,0.7,2.8,2.8
BCN,967,2025-04-13,264651,16.3,2.5,4.9,1.9,1.5,1.5
MAD,968,2025-04-13,205036,6,1.2,2.7,0.3,1,1
BCN,969,2025-04-13,74118,10.6,3.2,4.3,2.6,3,3
BCN,970,2025-04-13,248266,17,2.1,3.3,1.5,2.8,2.8
MAD,971,2025-04-13,105408,19.7,2.6,3.8,2.4,2.9,2.9
BCN,972,2025-04-13,66944,12.4,3.9,4.6,3.4,2.6,2.6
MAD,973,2025-04-12,61499,10.2,2.6,4.2,1.1,2.2,2.2
BCN,974,2025-04-12,264651,15,0.8,3.7,0.3,3.4,3.4
BCN,975,2025-04-12,248266,21.1,1.8,3,1.3,3.2,3.2
MAD,976,2025-04-12,74119,4.5,1.6,2.5,0.8,2.1,2.1
BCN,977,2025-04-12,66944,13.9,2.5,4,2,2.9,2.9
BCN,978,2025-04-12,259875,16.2,1.5,2.9,0.9,2.4,2.4
BCN,979,2025-04-12,65231,20.3,2.1,3.8,1.6,2.6,2.6
MAD,980,2025-04-12,105408,18.6,2.6,3.3,2.5,3.3,3.3
MAD,981,2025-04-12,34310,18.3,1.3,2.3,0.6,2.9,2.9
BCN,982,2025-04-12,74118,11.8,3,4.8,3,7.5,7.5
MAD,983,2025-04-12,205036,11.7,1.4,2.6,0.9,1.1,1.1
MAD,984,2025-04-12,46515,17.7,1.5,2.6,0.7,3,3
MAD,985,2025-04-11,205036,9,2.3,3.8,1.7,1.6,1.6
BCN,986,2025-04-11,65231,20.2,2.3,3.8,1.8,2.9,2.9
MAD,987,2025-04-11,34310,20.5,1.3,3,0.6,3.6,3.6
BCN,988,2025-04-11,248266,20.4,1.6,3.1,1.1,3.2,3.2
BCN,989,2025-04-11,74118,6.3,2.3,3.8,1.8,2.6,2.6
MAD,990,2025-04-11,74119,24,1.6,2.6,0.9,2.7,2.7
MAD,991,2025-04-11,46515,23.8,1.4,2.9,0.7,3.6,3.6
BCN,992,2025-04-11,259875,24.1,1.4,2.9,0.9,3.4,3.4
MAD,993,2025-04-11,61499,16.9,1.9,3.3,1.4,2.9,2.9
BCN,994,2025-04-11,264651,19,1.5,3.7,1.1,1.9,1.9
BCN,995,2025-04-11,66944,17,3,4,2.4,2,2
MAD,996,2025-04-11,105408,25.6,2.4,4.3,2.2,3.3,3.3
BCN,997,2025-04-10,66944,13.4,3.4,5.7,2.9,3.4,3.4
MAD,998,2025-04-10,205036,9.9,2.9,5.4,2.9,2,2
MAD,999,2025-04-10,105408,24.1,2.6,3.5,2.5,3,3
BCN,1000,2025-04-10,248266,22.5,1.7,2.8,1.1,4.5,4.5
MAD,1001,2025-04-10,46515,21.4,1.6,3.2,0.8,3.7,3.7
BCN,1002,2025-04-10,65231,20.2,2.4,3.9,1.9,2.9,2.9
MAD,1003,2025-04-10,34310,20.4,1.3,2.5,0.6,2.8,2.8
MAD,1004,2025-04-10,61499,17.1,2.5,4.3,2.2,3.1,3.1
BCN,1005,2025-04-10,74118,14.5,2.3,4.4,2,6.6,6.6
BCN,1006,2025-04-10,264652,28.2,1.9,4,1.2,3.1,3.1
MAD,1007,2025-04-10,74119,9.8,1.4,2.8,0.9,6.2,6.2
BCN,1008,2025-04-10,259875,21,1.5,2.7,0.9,2.3,2.3
MAD,1009,2025-04-09,61499,11.8,1.8,4.2,1.2,1.9,1.9
MAD,1010,2025-04-09,46515,19.1,1.5,3.1,0.8,3.6,3.6
MAD,1011,2025-04-09,205036,11.8,1.5,4.2,0.8,1.9,1.9
BCN,1012,2025-04-09,74118,13.9,2.9,4.3,2.3,1.9,1.9
BCN,1013,2025-04-09,264651,,,,,,
BCN,1014,2025-04-09,259875,18.9,1.6,3,1.1,3.9,3.9
MAD,1015,2025-04-09,105408,20,2.7,4,2.5,3,3
BCN,1016,2025-04-09,248266,17.9,1.9,3.5,1.3,2.4,2.4
MAD,1017,2025-04-09,34310,16.9,1.3,2.8,0.6,2.9,2.9
BCN,1018,2025-04-09,65231,22.6,2.4,4.2,1.8,3.1,3.1
BCN,1019,2025-04-09,264652,21.6,2.1,3,1.6,1,1
BCN,1020,2025-04-09,66944,12.1,2.7,4.2,2.1,1.9,1.9
MAD,1021,2025-04-09,74119,8.5,2.1,3.2,1.6,1.5,1.5
MAD,1022,2025-04-08,105408,18.9,2.7,3.4,2.6,3,3
BCN,1023,2025-04-08,264652,9.9,1.4,3.4,1,1.5,1.5
BCN,1024,2025-04-08,259875,19.5,1.4,2.9,0.9,2.4,2.4
BCN,1025,2025-04-08,248266,22,2.2,3.7,1.6,3.3,3.3
MAD,1026,2025-04-08,74119,9.5,1.6,2.8,0.8,2,2
MAD,1027,2025-04-08,34310,15.9,1.3,2.5,0.6,3.3,3.3
BCN,1028,2025-04-08,66944,17.5,1.2,2.8,0.7,2.5,2.5
BCN,1029,2025-04-08,65231,20.6,2.2,3.6,1.7,3.1,3.1
BCN,1030,2025-04-08,74118,9.8,1.6,3.7,1.2,3,3
MAD,1031,2025-04-08,61499,11.2,2.4,3.5,2.1,2.3,2.3
MAD,1032,2025-04-08,46515,18.4,1.5,2.4,0.8,2.9,2.9
BCN,1033,2025-04-08,264651,8.6,1.2,5.1,0.7,1.4,1.4
MAD,1034,2025-04-08,205036,12.2,3.9,5.7,4.1,2,2
MAD,1035,2025-04-07,74119,31.7,2.9,3.1,2.5,4.8,4.8
MAD,1036,2025-04-07,61499,14.2,3.3,5.3,3.2,1.8,1.8
BCN,1037,2025-04-07,264651,7.6,0.8,3.5,0.3,2.1,2.1
MAD,1038,2025-04-07,105408,19.1,2.7,3.7,2.5,3.1,3.1
MAD,1039,2025-04-07,46515,17.5,1.5,2.6,0.9,2.9,2.9
BCN,1040,2025-04-07,264652,7.6,1.2,5.7,0.8,2.1,2.1
BCN,1041,2025-04-07,248266,24.8,1.9,3.6,1.4,2.4,2.4
MAD,1042,2025-04-07,205036,8,1.9,2.7,1.2,1.2,1.2
MAD,1043,2025-04-07,34310,17.6,1.3,2.4,0.6,2.6,2.6
BCN,1044,2025-04-07,74118,8.5,3.7,4,2.9,1.3,1.3
BCN,1045,2025-04-07,259875,21.9,1.5,3,1,2.3,2.3
BCN,1046,2025-04-07,65231,19.9,2.2,3.7,1.7,2.5,2.5
BCN,1047,2025-04-07,66944,17.2,2.3,3.5,1.7,3,3
MAD,1048,2025-04-06,34310,19.3,1.3,2.2,0.6,2.9,2.9
BCN,1049,2025-04-06,259875,19.6,1.5,2.8,1,2.8,2.8
MAD,1050,2025-04-06,205036,11.3,2.6,4.3,2.5,3.3,3.3
BCN,1051,2025-04-06,264652,,,,,,
BCN,1052,2025-04-06,248266,22.9,2.1,3.5,1.5,3.1,3.1
BCN,1053,2025-04-06,264651,11.9,1,2.9,0.5,2.1,2.1
MAD,1054,2025-04-06,105408,19.6,2.8,3.7,2.7,3.1,3.1
BCN,1055,2025-04-06,74118,,,,,,
BCN,1056,2025-04-06,65231,19.3,2.3,3.5,1.7,2.9,2.9
MAD,1057,2025-04-06,61499,12.1,2.6,3.6,2.4,3.1,3.1
MAD,1058,2025-04-06,46515,16.6,1.5,2.6,0.8,2.6,2.6
MAD,1059,2025-04-06,74119,5,1.6,3.2,0.8,3.2,3.2
BCN,1060,2025-04-06,66944,13.2,3.5,4.5,2.8,2,2
BCN,1061,2025-04-05,66944,13.7,3.4,4.7,2.9,2.8,2.8
BCN,1062,2025-04-05,264652,,,,,,
MAD,1063,2025-04-05,205036,11.9,3.2,5,3.3,3.2,3.2
BCN,1064,2025-04-05,264651,19.7,2.5,4,1.8,2.6,2.6
MAD,1065,2025-04-05,105408,18,2.7,3.3,2.5,3.3,3.3
BCN,1066,2025-04-05,65231,22.1,2.4,3.9,1.9,2.7,2.7
BCN,1067,2025-04-05,74118,9.4,2.9,4,2.4,2,2
MAD,1068,2025-04-05,46515,18.4,1.5,2.6,0.8,3.2,3.2
BCN,1069,2025-04-05,248266,22.7,1.6,3.3,1.1,2.9,2.9
MAD,1070,2025-04-05,34310,15.1,1.3,2.3,0.8,3.2,3.2
MAD,1071,2025-04-05,61499,6.9,2.7,4,2.4,2.3,2.3
BCN,1072,2025-04-05,259875,22.3,1.6,3,1,2.1,2.1
BCN,1073,2025-04-04,66944,14.7,3.3,4.3,2.9,1.4,1.4
MAD,1074,2025-04-04,34310,22.8,1.3,2.3,0.5,3.3,3.3
MAD,1075,2025-04-04,74119,8.1,1.5,2.8,1,1.6,1.6
MAD,1076,2025-04-04,46515,19.2,1.6,2.7,0.9,2.5,2.5
BCN,1077,2025-04-04,264651,14.9,1.2,3.6,0.8,2.7,2.7
BCN,1078,2025-04-04,248266,17.1,1.4,3,0.9,1.7,1.7
BCN,1079,2025-04-04,65231,21.9,2.6,5.8,2,2.6,2.6
BCN,1080,2025-04-04,74118,13.1,2.1,3.8,1.6,2.7,2.7
MAD,1081,2025-04-04,105408,25,2.8,3.9,2.7,3.3,3.3
BCN,1082,2025-04-04,259875,22.1,1.4,3.1,0.9,2.4,2.4
MAD,1083,2025-04-04,61499,14.7,2.3,3.3,1.9,3.5,3.5
MAD,1084,2025-04-04,205036,12.7,2.9,5.3,3,2.4,2.4
BCN,1085,2025-04-03,74118,11.3,2.6,5.5,2,4.8,4.8
BCN,1086,2025-04-03,65231,23.4,2.4,5.6,1.8,2.4,2.4
MAD,1087,2025-04-03,205036,16.5,3.9,6,4.5,5.6,5.6
MAD,1088,2025-04-03,105408,20.5,3,4.1,3,3.2,3.2
MAD,1089,2025-04-03,46515,22.7,1.6,3,0.9,2.6,2.6
BCN,1090,2025-04-03,264651,17.6,1.4,3.5,0.9,3.1,3.1
MAD,1091,2025-04-03,74119,8.3,1.5,3,0.8,2.9,2.9
MAD,1092,2025-04-03,34310,18.6,1.3,2.5,0.6,2.1,2.1
BCN,1093,2025-04-03,259875,17.7,1.5,3.3,1,2.2,2.2
BCN,1094,2025-04-03,66944,19.3,2.9,4.2,2.5,3.4,3.4
MAD,1095,2025-04-03,61499,16,2.5,4.1,2.2,3.4,3.4
BCN,1096,2025-04-03,248266,27.5,2.4,3.5,1.8,3.6,3.6
BCN,1097,2025-04-02,264652,15.7,1.9,4,1.3,4.8,4.8
BCN,1098,2025-04-02,248266,27.5,1.8,4,1.2,2.3,2.3
MAD,1099,2025-04-02,74119,9.8,2,4,1.6,2.8,2.8
MAD,1100,2025-04-02,46515,20,1.5,3.3,0.9,2.9,2.9
MAD,1101,2025-04-02,205036,10,2.9,4.5,2.5,2.7,2.7
MAD,1102,2025-04-02,34310,18.6,1.3,3.4,0.6,2.4,2.4
BCN,1103,2025-04-02,66944,19.4,1.8,3.1,1.3,1.8,1.8
BCN,1104,2025-04-02,74118,16.6,2.9,4.3,2.4,6.1,6.1
MAD,1105,2025-04-02,105408,26.7,2.8,5,2.8,2.9,2.9
BCN,1106,2025-04-02,65231,21.7,2.5,5.3,2,2.5,2.5
MAD,1107,2025-04-02,61499,16.5,2.3,4.1,1.9,4.2,4.2
BCN,1108,2025-04-02,259875,16,1.5,3.2,1,2.6,2.6
MAD,1109,2025-04-01,205036,9.8,2.7,4.1,2.3,3.6,3.6
BCN,1110,2025-04-01,264652,,,,,,
MAD,1111,2025-04-01,61499,18.1,2.6,4.1,2.6,3,3
MAD,1112,2025-04-01,105408,20.1,2.8,4,2.8,2.8,2.8
BCN,1113,2025-04-01,248266,21.3,2.1,3.7,1.5,3.2,3.2
BCN,1114,2025-04-01,74118,8.5,2.9,3.5,2.2,6.3,6.3
BCN,1115,2025-04-01,65231,22,2.2,4.2,1.6,2.4,2.4
MAD,1116,2025-04-01,34310,25.9,1.2,2.4,0.4,3.6,3.6
MAD,1117,2025-04-01,46515,23.7,1.5,2.6,0.8,2.6,2.6
BCN,1118,2025-04-01,66944,16.9,2.5,3.7,1.9,5.7,5.7
BCN,1119,2025-04-01,259875,18.9,1.4,3,0.9,2.1,2.1